date,dma_code,dma_name,attributed_visits,attribution_window_days
2026-01-01,501,New York,338,28
2026-01-01,803,Los Angeles,405,28
2026-01-01,602,Chicago,116,14
2026-01-01,623,Dallas-Ft. Worth,681,14
2026-01-01,807,San Francisco-Oakland-San Jose,556,28
2026-01-01,511,Washington DC,145,28
2026-01-01,618,Houston,124,28
2026-01-01,524,Atlanta,214,14
2026-01-01,753,Phoenix,597,28
2026-01-01,505,Detroit,486,28
2026-01-01,506,Boston,585,7
2026-01-01,539,Tampa-St. Petersburg,348,14
2026-01-02,501,New York,489,28
2026-01-02,803,Los Angeles,789,14
2026-01-02,504,Philadelphia,527,28
2026-01-02,623,Dallas-Ft. Worth,673,14
2026-01-02,807,San Francisco-Oakland-San Jose,52,14
2026-01-02,511,Washington DC,530,7
2026-01-02,618,Houston,80,14
2026-01-02,524,Atlanta,402,28
2026-01-02,753,Phoenix,744,7
2026-01-02,819,Seattle-Tacoma,713,14
2026-01-02,505,Detroit,750,28
2026-01-02,528,Miami-Ft. Lauderdale,380,28
2026-01-02,506,Boston,341,7
2026-01-03,504,Philadelphia,473,7
2026-01-03,623,Dallas-Ft. Worth,653,28
2026-01-03,807,San Francisco-Oakland-San Jose,232,7
2026-01-03,511,Washington DC,675,14
2026-01-03,618,Houston,529,14
2026-01-03,524,Atlanta,152,28
2026-01-03,753,Phoenix,404,28
2026-01-03,819,Seattle-Tacoma,235,14
2026-01-03,528,Miami-Ft. Lauderdale,134,7
2026-01-03,506,Boston,463,7
2026-01-03,539,Tampa-St. Petersburg,687,7
2026-01-04,501,New York,503,14
2026-01-04,803,Los Angeles,534,7
2026-01-04,602,Chicago,641,14
2026-01-04,504,Philadelphia,219,14
2026-01-04,623,Dallas-Ft. Worth,290,28
2026-01-04,807,San Francisco-Oakland-San Jose,419,28
2026-01-04,511,Washington DC,253,28
2026-01-04,618,Houston,601,7
2026-01-04,753,Phoenix,54,7
2026-01-04,819,Seattle-Tacoma,713,14
2026-01-04,505,Detroit,666,14
2026-01-04,528,Miami-Ft. Lauderdale,738,14
2026-01-04,506,Boston,155,7
2026-01-04,539,Tampa-St. Petersburg,421,14
2026-01-05,501,New York,304,7
2026-01-05,803,Los Angeles,259,14
2026-01-05,602,Chicago,566,7
2026-01-05,504,Philadelphia,298,7
2026-01-05,623,Dallas-Ft. Worth,220,14
2026-01-05,807,San Francisco-Oakland-San Jose,784,7
2026-01-05,511,Washington DC,290,14
2026-01-05,618,Houston,148,28
2026-01-05,524,Atlanta,407,28
2026-01-05,753,Phoenix,639,14
2026-01-05,819,Seattle-Tacoma,497,7
2026-01-05,505,Detroit,552,7
2026-01-05,528,Miami-Ft. Lauderdale,432,7
2026-01-05,539,Tampa-St. Petersburg,757,14
2026-01-08,501,New York,787,28
2026-01-08,602,Chicago,580,7
2026-01-08,504,Philadelphia,349,7
2026-01-08,623,Dallas-Ft. Worth,745,28
2026-01-08,807,San Francisco-Oakland-San Jose,438,7
2026-01-08,511,Washington DC,405,28
2026-01-08,618,Houston,234,28
2026-01-08,524,Atlanta,800,28
2026-01-08,753,Phoenix,488,7
2026-01-08,819,Seattle-Tacoma,419,28
2026-01-08,505,Detroit,791,7
2026-01-08,528,Miami-Ft. Lauderdale,586,7
2026-01-08,506,Boston,601,7
2026-01-08,539,Tampa-St. Petersburg,189,14
2026-01-09,501,New York,257,28
2026-01-09,803,Los Angeles,468,14
2026-01-09,602,Chicago,70,7
2026-01-09,623,Dallas-Ft. Worth,188,28
2026-01-09,807,San Francisco-Oakland-San Jose,75,7
2026-01-09,511,Washington DC,147,14
2026-01-09,618,Houston,504,14
2026-01-09,524,Atlanta,438,28
2026-01-09,753,Phoenix,763,28
2026-01-09,819,Seattle-Tacoma,549,7
2026-01-09,505,Detroit,500,28
2026-01-09,528,Miami-Ft. Lauderdale,533,7
2026-01-09,506,Boston,756,14
2026-01-09,539,Tampa-St. Petersburg,238,28
2026-01-10,501,New York,613,28
2026-01-10,803,Los Angeles,230,28
2026-01-10,602,Chicago,278,28
2026-01-10,504,Philadelphia,449,14
2026-01-10,623,Dallas-Ft. Worth,422,7
2026-01-10,807,San Francisco-Oakland-San Jose,548,14
2026-01-10,511,Washington DC,345,14
2026-01-10,618,Houston,691,14
2026-01-10,524,Atlanta,208,7
2026-01-10,753,Phoenix,604,28
2026-01-10,819,Seattle-Tacoma,337,14
2026-01-10,505,Detroit,742,14
2026-01-10,528,Miami-Ft. Lauderdale,184,28
2026-01-10,506,Boston,445,7
2026-01-10,539,Tampa-St. Petersburg,108,14
2026-01-11,803,Los Angeles,435,7
2026-01-11,602,Chicago,492,28
2026-01-11,504,Philadelphia,717,7
2026-01-11,623,Dallas-Ft. Worth,319,14
2026-01-11,511,Washington DC,723,28
2026-01-11,618,Houston,787,7
2026-01-11,524,Atlanta,122,14
2026-01-11,753,Phoenix,646,28
2026-01-11,819,Seattle-Tacoma,436,7
2026-01-11,505,Detroit,239,14
2026-01-11,528,Miami-Ft. Lauderdale,767,14
2026-01-11,506,Boston,158,7
2026-01-11,539,Tampa-St. Petersburg,716,7
2026-01-12,501,New York,418,14
2026-01-12,803,Los Angeles,716,28
2026-01-12,602,Chicago,230,14
2026-01-12,504,Philadelphia,753,28
2026-01-12,623,Dallas-Ft. Worth,357,7
2026-01-12,807,San Francisco-Oakland-San Jose,376,7
2026-01-12,511,Washington DC,609,28
2026-01-12,618,Houston,51,28
2026-01-12,524,Atlanta,611,28
2026-01-12,753,Phoenix,581,14
2026-01-12,819,Seattle-Tacoma,587,7
2026-01-12,528,Miami-Ft. Lauderdale,521,7
2026-01-12,506,Boston,228,7
2026-01-12,539,Tampa-St. Petersburg,76,7
2026-01-14,501,New York,473,28
2026-01-14,602,Chicago,621,28
2026-01-14,504,Philadelphia,317,14
2026-01-14,623,Dallas-Ft. Worth,549,7
2026-01-14,807,San Francisco-Oakland-San Jose,253,7
2026-01-14,511,Washington DC,781,28
2026-01-14,618,Houston,557,14
2026-01-14,524,Atlanta,622,7
2026-01-14,753,Phoenix,124,28
2026-01-14,819,Seattle-Tacoma,750,28
2026-01-14,528,Miami-Ft. Lauderdale,574,14
2026-01-14,506,Boston,97,28
2026-01-14,539,Tampa-St. Petersburg,633,14
2026-01-15,501,New York,434,28
2026-01-15,803,Los Angeles,317,7
2026-01-15,602,Chicago,174,28
2026-01-15,504,Philadelphia,83,7
2026-01-15,623,Dallas-Ft. Worth,533,14
2026-01-15,807,San Francisco-Oakland-San Jose,662,7
2026-01-15,511,Washington DC,759,7
2026-01-15,618,Houston,213,14
2026-01-15,524,Atlanta,758,14
2026-01-15,753,Phoenix,57,7
2026-01-15,505,Detroit,159,7
2026-01-15,506,Boston,508,7
2026-01-15,539,Tampa-St. Petersburg,770,7
2026-01-16,501,New York,555,14
2026-01-16,803,Los Angeles,614,7
2026-01-16,602,Chicago,595,14
2026-01-16,504,Philadelphia,220,7
2026-01-16,623,Dallas-Ft. Worth,74,14
2026-01-16,807,San Francisco-Oakland-San Jose,402,7
2026-01-16,511,Washington DC,221,14
2026-01-16,524,Atlanta,155,7
2026-01-16,753,Phoenix,280,7
2026-01-16,819,Seattle-Tacoma,69,7
2026-01-16,505,Detroit,724,7
2026-01-16,528,Miami-Ft. Lauderdale,115,7
2026-01-16,506,Boston,702,7
2026-01-16,539,Tampa-St. Petersburg,606,28
2026-01-17,803,Los Angeles,509,7
2026-01-17,602,Chicago,629,28
2026-01-17,504,Philadelphia,143,28
2026-01-17,623,Dallas-Ft. Worth,126,14
2026-01-17,807,San Francisco-Oakland-San Jose,446,7
2026-01-17,511,Washington DC,291,14
2026-01-17,524,Atlanta,196,14
2026-01-17,753,Phoenix,697,28
2026-01-17,819,Seattle-Tacoma,99,28
2026-01-17,505,Detroit,614,7
2026-01-17,528,Miami-Ft. Lauderdale,259,28
2026-01-17,506,Boston,409,7
2026-01-17,539,Tampa-St. Petersburg,261,14
2026-01-18,803,Los Angeles,777,7
2026-01-18,602,Chicago,383,7
2026-01-18,623,Dallas-Ft. Worth,640,14
2026-01-18,807,San Francisco-Oakland-San Jose,172,14
2026-01-18,511,Washington DC,421,28
2026-01-18,524,Atlanta,396,7
2026-01-18,753,Phoenix,723,7
2026-01-18,505,Detroit,257,7
2026-01-18,528,Miami-Ft. Lauderdale,650,7
2026-01-18,506,Boston,50,14
2026-01-18,539,Tampa-St. Petersburg,703,7
2026-01-19,501,New York,696,28
2026-01-19,803,Los Angeles,395,7
2026-01-19,602,Chicago,101,7
2026-01-19,504,Philadelphia,280,28
2026-01-19,623,Dallas-Ft. Worth,420,14
2026-01-19,807,San Francisco-Oakland-San Jose,276,28
2026-01-19,511,Washington DC,377,28
2026-01-19,753,Phoenix,355,7
2026-01-19,819,Seattle-Tacoma,748,14
2026-01-19,505,Detroit,94,7
2026-01-19,528,Miami-Ft. Lauderdale,490,28
2026-01-19,506,Boston,174,14
2026-01-19,539,Tampa-St. Petersburg,55,7
2026-01-20,501,New York,311,28
2026-01-20,803,Los Angeles,429,14
2026-01-20,602,Chicago,741,28
2026-01-20,504,Philadelphia,347,14
2026-01-20,623,Dallas-Ft. Worth,344,28
2026-01-20,807,San Francisco-Oakland-San Jose,150,28
2026-01-20,511,Washington DC,711,28
2026-01-20,524,Atlanta,52,7
2026-01-20,753,Phoenix,406,7
2026-01-20,819,Seattle-Tacoma,610,28
2026-01-20,528,Miami-Ft. Lauderdale,658,7
2026-01-20,506,Boston,407,7
2026-01-20,539,Tampa-St. Petersburg,401,7
2026-01-21,501,New York,642,7
2026-01-21,803,Los Angeles,522,14
2026-01-21,602,Chicago,71,14
2026-01-21,504,Philadelphia,450,28
2026-01-21,623,Dallas-Ft. Worth,198,28
2026-01-21,807,San Francisco-Oakland-San Jose,577,28
2026-01-21,511,Washington DC,250,28
2026-01-21,618,Houston,491,14
2026-01-21,524,Atlanta,701,28
2026-01-21,753,Phoenix,704,14
2026-01-21,819,Seattle-Tacoma,218,7
2026-01-21,505,Detroit,53,14
2026-01-21,528,Miami-Ft. Lauderdale,619,14
2026-01-22,501,New York,739,14
2026-01-22,803,Los Angeles,549,14
2026-01-22,602,Chicago,140,14
2026-01-22,504,Philadelphia,196,28
2026-01-22,623,Dallas-Ft. Worth,530,7
2026-01-22,807,San Francisco-Oakland-San Jose,646,14
2026-01-22,511,Washington DC,395,7
2026-01-22,524,Atlanta,644,14
2026-01-22,753,Phoenix,623,7
2026-01-22,505,Detroit,68,14
2026-01-22,528,Miami-Ft. Lauderdale,408,14
2026-01-22,506,Boston,372,14
2026-01-22,539,Tampa-St. Petersburg,310,7
2026-01-23,501,New York,754,7
2026-01-23,803,Los Angeles,258,14
2026-01-23,602,Chicago,88,28
2026-01-23,623,Dallas-Ft. Worth,213,14
2026-01-23,807,San Francisco-Oakland-San Jose,710,28
2026-01-23,511,Washington DC,776,14
2026-01-23,618,Houston,502,7
2026-01-23,524,Atlanta,252,14
2026-01-23,819,Seattle-Tacoma,553,7
2026-01-23,505,Detroit,63,7
2026-01-23,528,Miami-Ft. Lauderdale,223,14
2026-01-23,506,Boston,257,28
2026-01-23,539,Tampa-St. Petersburg,242,14
2026-01-24,501,New York,510,14
2026-01-24,803,Los Angeles,241,28
2026-01-24,504,Philadelphia,356,7
2026-01-24,623,Dallas-Ft. Worth,322,28
2026-01-24,511,Washington DC,509,28
2026-01-24,524,Atlanta,324,28
2026-01-24,753,Phoenix,166,14
2026-01-24,819,Seattle-Tacoma,259,7
2026-01-24,505,Detroit,675,28
2026-01-24,528,Miami-Ft. Lauderdale,695,7
2026-01-24,539,Tampa-St. Petersburg,606,7
2026-01-25,501,New York,483,28
2026-01-25,803,Los Angeles,412,14
2026-01-25,602,Chicago,189,7
2026-01-25,504,Philadelphia,441,14
2026-01-25,623,Dallas-Ft. Worth,788,14
2026-01-25,807,San Francisco-Oakland-San Jose,541,14
2026-01-25,511,Washington DC,618,14
2026-01-25,618,Houston,388,7
2026-01-25,524,Atlanta,411,7
2026-01-25,753,Phoenix,129,28
2026-01-25,819,Seattle-Tacoma,363,7
2026-01-25,505,Detroit,637,28
2026-01-25,528,Miami-Ft. Lauderdale,414,14
2026-01-25,506,Boston,644,28
2026-01-25,539,Tampa-St. Petersburg,576,14
2026-01-26,501,New York,197,28
2026-01-26,803,Los Angeles,392,7
2026-01-26,602,Chicago,591,28
2026-01-26,504,Philadelphia,380,28
2026-01-26,623,Dallas-Ft. Worth,61,7
2026-01-26,807,San Francisco-Oakland-San Jose,738,28
2026-01-26,511,Washington DC,469,14
2026-01-26,618,Houston,170,28
2026-01-26,524,Atlanta,175,28
2026-01-26,753,Phoenix,591,7
2026-01-26,819,Seattle-Tacoma,240,28
2026-01-26,505,Detroit,669,7
2026-01-26,528,Miami-Ft. Lauderdale,396,7
2026-01-26,539,Tampa-St. Petersburg,274,7
2026-01-27,501,New York,604,7
2026-01-27,803,Los Angeles,282,28
2026-01-27,602,Chicago,346,7
2026-01-27,504,Philadelphia,491,28
2026-01-27,623,Dallas-Ft. Worth,461,28
2026-01-27,807,San Francisco-Oakland-San Jose,755,7
2026-01-27,511,Washington DC,712,7
2026-01-27,618,Houston,386,7
2026-01-27,524,Atlanta,153,28
2026-01-27,753,Phoenix,666,14
2026-01-27,819,Seattle-Tacoma,350,14
2026-01-27,505,Detroit,773,14
2026-01-27,506,Boston,169,14
2026-01-27,539,Tampa-St. Petersburg,515,14
2026-01-28,501,New York,615,28
2026-01-28,803,Los Angeles,169,28
2026-01-28,602,Chicago,375,28
2026-01-28,504,Philadelphia,473,14
2026-01-28,623,Dallas-Ft. Worth,372,28
2026-01-28,807,San Francisco-Oakland-San Jose,689,7
2026-01-28,511,Washington DC,234,28
2026-01-28,618,Houston,218,28
2026-01-28,524,Atlanta,221,14
2026-01-28,753,Phoenix,550,7
2026-01-28,819,Seattle-Tacoma,699,28
2026-01-28,528,Miami-Ft. Lauderdale,91,14
2026-01-28,506,Boston,378,28
2026-01-28,539,Tampa-St. Petersburg,161,14
2026-01-29,803,Los Angeles,245,7
2026-01-29,602,Chicago,456,28
2026-01-29,504,Philadelphia,286,7
2026-01-29,623,Dallas-Ft. Worth,569,14
2026-01-29,807,San Francisco-Oakland-San Jose,761,28
2026-01-29,618,Houston,491,7
2026-01-29,524,Atlanta,788,28
2026-01-29,819,Seattle-Tacoma,57,7
2026-01-29,505,Detroit,240,7
2026-01-29,528,Miami-Ft. Lauderdale,296,14
2026-01-29,506,Boston,727,7
2026-01-29,539,Tampa-St. Petersburg,596,7
2026-01-30,803,Los Angeles,588,14
2026-01-30,602,Chicago,126,7
2026-01-30,504,Philadelphia,740,14
2026-01-30,623,Dallas-Ft. Worth,497,28
2026-01-30,807,San Francisco-Oakland-San Jose,473,7
2026-01-30,618,Houston,343,14
2026-01-30,524,Atlanta,224,7
2026-01-30,753,Phoenix,311,14
2026-01-30,819,Seattle-Tacoma,284,28
2026-01-30,505,Detroit,173,14
2026-01-30,528,Miami-Ft. Lauderdale,381,14
2026-01-30,506,Boston,477,14
2026-01-30,539,Tampa-St. Petersburg,248,7
2026-01-31,501,New York,455,28
2026-01-31,803,Los Angeles,656,7
2026-01-31,602,Chicago,286,14
2026-01-31,504,Philadelphia,69,7
2026-01-31,623,Dallas-Ft. Worth,712,28
2026-01-31,807,San Francisco-Oakland-San Jose,324,7
2026-01-31,511,Washington DC,96,7
2026-01-31,618,Houston,733,14
2026-01-31,524,Atlanta,156,14
2026-01-31,753,Phoenix,493,7
2026-01-31,819,Seattle-Tacoma,98,28
2026-01-31,505,Detroit,320,7
2026-01-31,528,Miami-Ft. Lauderdale,685,7
2026-01-31,506,Boston,737,7
2026-01-31,539,Tampa-St. Petersburg,461,28
2026-02-01,501,New York,589,7
2026-02-01,803,Los Angeles,528,7
2026-02-01,602,Chicago,436,7
2026-02-01,504,Philadelphia,608,14
2026-02-01,623,Dallas-Ft. Worth,494,7
2026-02-01,511,Washington DC,756,7
2026-02-01,618,Houston,244,14
2026-02-01,524,Atlanta,205,28
2026-02-01,753,Phoenix,582,28
2026-02-01,819,Seattle-Tacoma,362,14
2026-02-01,528,Miami-Ft. Lauderdale,707,28
2026-02-01,506,Boston,285,14
2026-02-01,539,Tampa-St. Petersburg,720,7
2026-02-02,501,New York,551,14
2026-02-02,803,Los Angeles,239,28
2026-02-02,602,Chicago,624,28
2026-02-02,504,Philadelphia,618,7
2026-02-02,623,Dallas-Ft. Worth,289,28
2026-02-02,807,San Francisco-Oakland-San Jose,184,28
2026-02-02,511,Washington DC,549,28
2026-02-02,618,Houston,155,28
2026-02-02,753,Phoenix,262,28
2026-02-02,819,Seattle-Tacoma,423,28
2026-02-02,505,Detroit,305,7
2026-02-02,528,Miami-Ft. Lauderdale,140,7
2026-02-02,506,Boston,114,14
2026-02-03,501,New York,565,14
2026-02-03,602,Chicago,583,14
2026-02-03,504,Philadelphia,208,28
2026-02-03,623,Dallas-Ft. Worth,662,7
2026-02-03,807,San Francisco-Oakland-San Jose,473,28
2026-02-03,511,Washington DC,593,28
2026-02-03,524,Atlanta,81,7
2026-02-03,753,Phoenix,477,14
2026-02-03,819,Seattle-Tacoma,227,28
2026-02-03,505,Detroit,299,14
2026-02-03,528,Miami-Ft. Lauderdale,276,28
2026-02-03,506,Boston,386,28
2026-02-03,539,Tampa-St. Petersburg,109,28
2026-02-04,501,New York,238,14
2026-02-04,803,Los Angeles,579,7
2026-02-04,602,Chicago,635,14
2026-02-04,504,Philadelphia,374,7
2026-02-04,623,Dallas-Ft. Worth,481,28
2026-02-04,807,San Francisco-Oakland-San Jose,202,7
2026-02-04,511,Washington DC,228,7
2026-02-04,618,Houston,697,14
2026-02-04,524,Atlanta,474,7
2026-02-04,753,Phoenix,137,14
2026-02-04,819,Seattle-Tacoma,738,7
2026-02-04,505,Detroit,103,28
2026-02-04,528,Miami-Ft. Lauderdale,615,7
2026-02-04,539,Tampa-St. Petersburg,444,14
2026-02-05,602,Chicago,129,7
2026-02-05,504,Philadelphia,50,14
2026-02-05,623,Dallas-Ft. Worth,157,7
2026-02-05,511,Washington DC,479,7
2026-02-05,618,Houston,507,14
2026-02-05,524,Atlanta,462,7
2026-02-05,753,Phoenix,509,28
2026-02-05,819,Seattle-Tacoma,619,14
2026-02-05,505,Detroit,541,7
2026-02-05,528,Miami-Ft. Lauderdale,183,14
2026-02-05,506,Boston,467,7
2026-02-05,539,Tampa-St. Petersburg,242,28
2026-02-06,501,New York,753,14
2026-02-06,803,Los Angeles,772,7
2026-02-06,602,Chicago,632,28
2026-02-06,623,Dallas-Ft. Worth,535,14
2026-02-06,511,Washington DC,611,14
2026-02-06,618,Houston,475,14
2026-02-06,524,Atlanta,299,28
2026-02-06,753,Phoenix,430,14
2026-02-06,819,Seattle-Tacoma,569,14
2026-02-06,505,Detroit,400,14
2026-02-06,528,Miami-Ft. Lauderdale,781,14
2026-02-06,506,Boston,420,28
2026-02-06,539,Tampa-St. Petersburg,674,14
2026-02-07,501,New York,567,7
2026-02-07,803,Los Angeles,598,28
2026-02-07,602,Chicago,575,28
2026-02-07,504,Philadelphia,348,14
2026-02-07,623,Dallas-Ft. Worth,629,7
2026-02-07,807,San Francisco-Oakland-San Jose,684,14
2026-02-07,618,Houston,323,14
2026-02-07,753,Phoenix,449,14
2026-02-07,819,Seattle-Tacoma,209,7
2026-02-07,505,Detroit,579,7
2026-02-07,528,Miami-Ft. Lauderdale,651,28
2026-02-07,506,Boston,123,14
2026-02-07,539,Tampa-St. Petersburg,790,7
2026-02-08,501,New York,498,28
2026-02-08,803,Los Angeles,215,28
2026-02-08,602,Chicago,278,28
2026-02-08,504,Philadelphia,793,7
2026-02-08,623,Dallas-Ft. Worth,552,14
2026-02-08,511,Washington DC,675,28
2026-02-08,618,Houston,574,28
2026-02-08,524,Atlanta,376,7
2026-02-08,819,Seattle-Tacoma,154,28
2026-02-08,505,Detroit,523,7
2026-02-08,528,Miami-Ft. Lauderdale,792,28
2026-02-08,506,Boston,689,7
2026-02-08,539,Tampa-St. Petersburg,290,7
2026-02-09,501,New York,83,7
2026-02-09,803,Los Angeles,425,28
2026-02-09,602,Chicago,417,7
2026-02-09,623,Dallas-Ft. Worth,432,14
2026-02-09,807,San Francisco-Oakland-San Jose,377,14
2026-02-09,511,Washington DC,437,7
2026-02-09,618,Houston,618,7
2026-02-09,524,Atlanta,751,28
2026-02-09,753,Phoenix,53,14
2026-02-09,819,Seattle-Tacoma,395,14
2026-02-09,505,Detroit,585,28
2026-02-09,528,Miami-Ft. Lauderdale,340,7
2026-02-09,539,Tampa-St. Petersburg,79,28
2026-02-10,501,New York,438,7
2026-02-10,803,Los Angeles,740,7
2026-02-10,602,Chicago,248,7
2026-02-10,504,Philadelphia,465,7
2026-02-10,623,Dallas-Ft. Worth,218,14
2026-02-10,807,San Francisco-Oakland-San Jose,433,14
2026-02-10,511,Washington DC,769,28
2026-02-10,753,Phoenix,757,14
2026-02-10,819,Seattle-Tacoma,512,14
2026-02-10,505,Detroit,420,14
2026-02-10,528,Miami-Ft. Lauderdale,67,14
2026-02-10,506,Boston,324,7
2026-02-10,539,Tampa-St. Petersburg,431,7
2026-02-11,501,New York,587,28
2026-02-11,803,Los Angeles,694,14
2026-02-11,602,Chicago,652,14
2026-02-11,504,Philadelphia,436,28
2026-02-11,807,San Francisco-Oakland-San Jose,793,28
2026-02-11,511,Washington DC,527,14
2026-02-11,618,Houston,87,14
2026-02-11,524,Atlanta,704,7
2026-02-11,753,Phoenix,278,14
2026-02-11,819,Seattle-Tacoma,316,14
2026-02-11,505,Detroit,449,7
2026-02-11,528,Miami-Ft. Lauderdale,296,14
2026-02-11,506,Boston,218,7
2026-02-11,539,Tampa-St. Petersburg,671,7
2026-02-12,501,New York,665,28
2026-02-12,803,Los Angeles,351,7
2026-02-12,602,Chicago,121,28
2026-02-12,504,Philadelphia,252,14
2026-02-12,623,Dallas-Ft. Worth,780,14
2026-02-12,807,San Francisco-Oakland-San Jose,500,28
2026-02-12,511,Washington DC,81,7
2026-02-12,618,Houston,400,14
2026-02-12,524,Atlanta,620,14
2026-02-12,753,Phoenix,305,7
2026-02-12,819,Seattle-Tacoma,264,14
2026-02-12,505,Detroit,589,7
2026-02-12,528,Miami-Ft. Lauderdale,125,28
2026-02-12,506,Boston,161,7
2026-02-12,539,Tampa-St. Petersburg,291,14
2026-02-13,501,New York,544,14
2026-02-13,803,Los Angeles,670,14
2026-02-13,602,Chicago,722,28
2026-02-13,504,Philadelphia,181,28
2026-02-13,623,Dallas-Ft. Worth,327,28
2026-02-13,807,San Francisco-Oakland-San Jose,273,14
2026-02-13,618,Houston,371,14
2026-02-13,524,Atlanta,646,7
2026-02-13,753,Phoenix,80,28
2026-02-13,819,Seattle-Tacoma,320,28
2026-02-13,528,Miami-Ft. Lauderdale,771,28
2026-02-13,506,Boston,334,14
2026-02-13,539,Tampa-St. Petersburg,591,7
2026-02-14,501,New York,652,14
2026-02-14,803,Los Angeles,335,7
2026-02-14,602,Chicago,447,14
2026-02-14,504,Philadelphia,609,28
2026-02-14,623,Dallas-Ft. Worth,568,28
2026-02-14,807,San Francisco-Oakland-San Jose,450,28
2026-02-14,511,Washington DC,581,14
2026-02-14,618,Houston,287,28
2026-02-14,524,Atlanta,354,7
2026-02-14,753,Phoenix,295,14
2026-02-14,819,Seattle-Tacoma,792,28
2026-02-14,505,Detroit,104,28
2026-02-14,528,Miami-Ft. Lauderdale,348,14
2026-02-14,506,Boston,240,14
2026-02-15,501,New York,357,14
2026-02-15,803,Los Angeles,204,14
2026-02-15,602,Chicago,115,7
2026-02-15,504,Philadelphia,308,14
2026-02-15,623,Dallas-Ft. Worth,217,28
2026-02-15,807,San Francisco-Oakland-San Jose,106,14
2026-02-15,511,Washington DC,142,28
2026-02-15,618,Houston,176,14
2026-02-15,524,Atlanta,57,7
2026-02-15,753,Phoenix,222,28
2026-02-15,819,Seattle-Tacoma,81,7
2026-02-15,505,Detroit,585,28
2026-02-15,528,Miami-Ft. Lauderdale,167,28
2026-02-15,506,Boston,623,28
2026-02-15,539,Tampa-St. Petersburg,597,14
2026-02-16,501,New York,50,28
2026-02-16,803,Los Angeles,80,7
2026-02-16,602,Chicago,719,28
2026-02-16,504,Philadelphia,665,28
2026-02-16,623,Dallas-Ft. Worth,380,14
2026-02-16,807,San Francisco-Oakland-San Jose,512,28
2026-02-16,511,Washington DC,539,28
2026-02-16,618,Houston,742,14
2026-02-16,524,Atlanta,144,14
2026-02-16,753,Phoenix,118,28
2026-02-16,819,Seattle-Tacoma,466,14
2026-02-16,505,Detroit,590,14
2026-02-16,506,Boston,281,28
2026-02-16,539,Tampa-St. Petersburg,596,7
2026-02-17,501,New York,252,7
2026-02-17,803,Los Angeles,469,7
2026-02-17,602,Chicago,679,28
2026-02-17,504,Philadelphia,77,28
2026-02-17,623,Dallas-Ft. Worth,456,14
2026-02-17,807,San Francisco-Oakland-San Jose,333,28
2026-02-17,511,Washington DC,81,14
2026-02-17,618,Houston,354,14
2026-02-17,524,Atlanta,304,14
2026-02-17,753,Phoenix,715,14
2026-02-17,819,Seattle-Tacoma,185,7
2026-02-17,505,Detroit,439,7
2026-02-17,506,Boston,82,7
2026-02-17,539,Tampa-St. Petersburg,593,28
2026-02-18,501,New York,310,28
2026-02-18,803,Los Angeles,59,7
2026-02-18,602,Chicago,653,7
2026-02-18,504,Philadelphia,413,7
2026-02-18,623,Dallas-Ft. Worth,379,7
2026-02-18,807,San Francisco-Oakland-San Jose,413,14
2026-02-18,511,Washington DC,683,14
2026-02-18,618,Houston,89,7
2026-02-18,524,Atlanta,273,7
2026-02-18,819,Seattle-Tacoma,186,14
2026-02-18,528,Miami-Ft. Lauderdale,175,14
2026-02-18,506,Boston,384,28
2026-02-18,539,Tampa-St. Petersburg,761,7
2026-02-19,501,New York,579,14
2026-02-19,803,Los Angeles,145,28
2026-02-19,602,Chicago,541,14
2026-02-19,504,Philadelphia,795,28
2026-02-19,623,Dallas-Ft. Worth,252,7
2026-02-19,807,San Francisco-Oakland-San Jose,386,14
2026-02-19,511,Washington DC,680,14
2026-02-19,618,Houston,70,7
2026-02-19,524,Atlanta,312,14
2026-02-19,753,Phoenix,437,7
2026-02-19,819,Seattle-Tacoma,784,28
2026-02-19,505,Detroit,639,28
2026-02-19,528,Miami-Ft. Lauderdale,104,28
2026-02-19,506,Boston,116,7
2026-02-19,539,Tampa-St. Petersburg,597,14
2026-02-20,803,Los Angeles,548,7
2026-02-20,602,Chicago,703,14
2026-02-20,504,Philadelphia,193,7
2026-02-20,623,Dallas-Ft. Worth,488,14
2026-02-20,807,San Francisco-Oakland-San Jose,420,14
2026-02-20,511,Washington DC,115,7
2026-02-20,618,Houston,113,7
2026-02-20,524,Atlanta,604,14
2026-02-20,753,Phoenix,471,14
2026-02-20,819,Seattle-Tacoma,496,14
2026-02-20,505,Detroit,103,7
2026-02-20,528,Miami-Ft. Lauderdale,575,28
2026-02-20,506,Boston,572,28
2026-02-20,539,Tampa-St. Petersburg,357,28
2026-02-21,501,New York,391,7
2026-02-21,803,Los Angeles,705,14
2026-02-21,602,Chicago,401,28
2026-02-21,504,Philadelphia,490,7
2026-02-21,623,Dallas-Ft. Worth,595,28
2026-02-21,807,San Francisco-Oakland-San Jose,712,7
2026-02-21,511,Washington DC,573,7
2026-02-21,618,Houston,304,28
2026-02-21,524,Atlanta,778,14
2026-02-21,753,Phoenix,124,7
2026-02-21,819,Seattle-Tacoma,313,7
2026-02-21,505,Detroit,329,28
2026-02-21,506,Boston,374,7
2026-02-21,539,Tampa-St. Petersburg,598,7
2026-02-22,501,New York,103,14
2026-02-22,803,Los Angeles,372,14
2026-02-22,602,Chicago,409,7
2026-02-22,504,Philadelphia,461,28
2026-02-22,807,San Francisco-Oakland-San Jose,491,7
2026-02-22,618,Houston,789,14
2026-02-22,524,Atlanta,515,7
2026-02-22,753,Phoenix,209,14
2026-02-22,819,Seattle-Tacoma,51,7
2026-02-22,505,Detroit,597,14
2026-02-22,528,Miami-Ft. Lauderdale,283,28
2026-02-22,506,Boston,327,7
2026-02-22,539,Tampa-St. Petersburg,754,14
2026-02-23,501,New York,67,7
2026-02-23,803,Los Angeles,218,28
2026-02-23,602,Chicago,160,28
2026-02-23,504,Philadelphia,98,14
2026-02-23,623,Dallas-Ft. Worth,298,7
2026-02-23,807,San Francisco-Oakland-San Jose,400,28
2026-02-23,511,Washington DC,77,7
2026-02-23,618,Houston,328,28
2026-02-23,524,Atlanta,697,7
2026-02-23,753,Phoenix,687,7
2026-02-23,819,Seattle-Tacoma,195,7
2026-02-23,505,Detroit,747,14
2026-02-23,528,Miami-Ft. Lauderdale,426,28
2026-02-23,506,Boston,792,14
2026-02-23,539,Tampa-St. Petersburg,567,14
2026-02-24,501,New York,430,14
2026-02-24,803,Los Angeles,800,14
2026-02-24,602,Chicago,274,7
2026-02-24,504,Philadelphia,666,28
2026-02-24,623,Dallas-Ft. Worth,262,7
2026-02-24,511,Washington DC,131,28
2026-02-24,618,Houston,411,14
2026-02-24,524,Atlanta,593,7
2026-02-24,753,Phoenix,592,7
2026-02-24,819,Seattle-Tacoma,629,14
2026-02-24,505,Detroit,793,28
2026-02-24,528,Miami-Ft. Lauderdale,506,28
2026-02-24,506,Boston,748,7
2026-02-24,539,Tampa-St. Petersburg,625,14
2026-02-25,501,New York,696,28
2026-02-25,803,Los Angeles,746,28
2026-02-25,602,Chicago,700,28
2026-02-25,504,Philadelphia,511,14
2026-02-25,623,Dallas-Ft. Worth,479,7
2026-02-25,807,San Francisco-Oakland-San Jose,745,28
2026-02-25,511,Washington DC,528,7
2026-02-25,618,Houston,210,14
2026-02-25,753,Phoenix,704,28
2026-02-25,819,Seattle-Tacoma,582,14
2026-02-25,505,Detroit,104,28
2026-02-25,528,Miami-Ft. Lauderdale,82,28
2026-02-25,506,Boston,547,14
2026-02-25,539,Tampa-St. Petersburg,728,7
2026-02-26,803,Los Angeles,649,7
2026-02-26,602,Chicago,344,7
2026-02-26,504,Philadelphia,697,14
2026-02-26,623,Dallas-Ft. Worth,595,14
2026-02-26,807,San Francisco-Oakland-San Jose,556,7
2026-02-26,511,Washington DC,92,7
2026-02-26,618,Houston,311,14
2026-02-26,753,Phoenix,700,7
2026-02-26,819,Seattle-Tacoma,132,28
2026-02-26,505,Detroit,738,7
2026-02-26,528,Miami-Ft. Lauderdale,235,7
2026-02-26,506,Boston,457,14
2026-02-26,539,Tampa-St. Petersburg,675,28
2026-02-27,501,New York,123,28
2026-02-27,803,Los Angeles,695,14
2026-02-27,602,Chicago,493,7
2026-02-27,504,Philadelphia,451,14
2026-02-27,623,Dallas-Ft. Worth,331,14
2026-02-27,618,Houston,275,14
2026-02-27,524,Atlanta,399,14
2026-02-27,753,Phoenix,767,28
2026-02-27,505,Detroit,751,7
2026-02-27,539,Tampa-St. Petersburg,131,28
2026-02-28,501,New York,276,7
2026-02-28,602,Chicago,632,7
2026-02-28,623,Dallas-Ft. Worth,352,7
2026-02-28,807,San Francisco-Oakland-San Jose,442,14
2026-02-28,511,Washington DC,324,7
2026-02-28,618,Houston,613,14
2026-02-28,753,Phoenix,619,28
2026-02-28,819,Seattle-Tacoma,457,14
2026-02-28,505,Detroit,183,14
2026-02-28,528,Miami-Ft. Lauderdale,308,14
2026-02-28,506,Boston,89,14
2026-03-01,501,New York,490,14
2026-03-01,803,Los Angeles,292,14
2026-03-01,602,Chicago,591,28
2026-03-01,504,Philadelphia,218,7
2026-03-01,623,Dallas-Ft. Worth,606,7
2026-03-01,511,Washington DC,672,7
2026-03-01,618,Houston,313,14
2026-03-01,524,Atlanta,595,28
2026-03-01,819,Seattle-Tacoma,147,14
2026-03-01,528,Miami-Ft. Lauderdale,450,14
2026-03-01,506,Boston,744,14
2026-03-01,539,Tampa-St. Petersburg,602,28
2026-03-02,501,New York,423,14
2026-03-02,803,Los Angeles,280,28
2026-03-02,602,Chicago,693,14
2026-03-02,504,Philadelphia,377,28
2026-03-02,623,Dallas-Ft. Worth,795,14
2026-03-02,807,San Francisco-Oakland-San Jose,667,7
2026-03-02,511,Washington DC,71,28
2026-03-02,618,Houston,783,28
2026-03-02,524,Atlanta,690,7
2026-03-02,753,Phoenix,544,28
2026-03-02,819,Seattle-Tacoma,783,14
2026-03-02,505,Detroit,272,7
2026-03-02,528,Miami-Ft. Lauderdale,345,14
2026-03-02,506,Boston,248,14
2026-03-02,539,Tampa-St. Petersburg,75,14
2026-03-03,501,New York,607,7
2026-03-03,602,Chicago,83,7
2026-03-03,623,Dallas-Ft. Worth,529,14
2026-03-03,807,San Francisco-Oakland-San Jose,507,14
2026-03-03,511,Washington DC,775,28
2026-03-03,618,Houston,347,28
2026-03-03,753,Phoenix,591,7
2026-03-03,819,Seattle-Tacoma,156,14
2026-03-03,505,Detroit,194,28
2026-03-03,528,Miami-Ft. Lauderdale,247,14
2026-03-03,506,Boston,141,14
2026-03-03,539,Tampa-St. Petersburg,229,14
2026-03-04,501,New York,751,7
2026-03-04,803,Los Angeles,607,7
2026-03-04,602,Chicago,314,28
2026-03-04,504,Philadelphia,702,28
2026-03-04,807,San Francisco-Oakland-San Jose,577,28
2026-03-04,511,Washington DC,761,7
2026-03-04,618,Houston,426,28
2026-03-04,753,Phoenix,287,7
2026-03-04,819,Seattle-Tacoma,376,28
2026-03-04,505,Detroit,525,14
2026-03-04,528,Miami-Ft. Lauderdale,152,7
2026-03-04,506,Boston,769,14
2026-03-04,539,Tampa-St. Petersburg,50,28
2026-03-05,501,New York,147,28
2026-03-05,803,Los Angeles,475,14
2026-03-05,602,Chicago,426,7
2026-03-05,623,Dallas-Ft. Worth,478,14
2026-03-05,807,San Francisco-Oakland-San Jose,719,14
2026-03-05,511,Washington DC,62,14
2026-03-05,618,Houston,454,28
2026-03-05,524,Atlanta,710,14
2026-03-05,753,Phoenix,364,7
2026-03-05,819,Seattle-Tacoma,290,14
2026-03-05,505,Detroit,368,14
2026-03-05,528,Miami-Ft. Lauderdale,393,7
2026-03-05,506,Boston,348,7
2026-03-05,539,Tampa-St. Petersburg,375,14
2026-03-06,501,New York,438,28
2026-03-06,803,Los Angeles,633,28
2026-03-06,602,Chicago,784,14
2026-03-06,504,Philadelphia,276,28
2026-03-06,623,Dallas-Ft. Worth,432,7
2026-03-06,807,San Francisco-Oakland-San Jose,445,7
2026-03-06,511,Washington DC,214,28
2026-03-06,618,Houston,722,14
2026-03-06,524,Atlanta,80,7
2026-03-06,753,Phoenix,791,7
2026-03-06,819,Seattle-Tacoma,411,28
2026-03-06,505,Detroit,113,28
2026-03-06,528,Miami-Ft. Lauderdale,711,7
2026-03-06,506,Boston,149,28
2026-03-06,539,Tampa-St. Petersburg,439,28
2026-03-07,501,New York,277,7
2026-03-07,803,Los Angeles,716,14
2026-03-07,602,Chicago,553,7
2026-03-07,504,Philadelphia,655,14
2026-03-07,511,Washington DC,707,28
2026-03-07,618,Houston,402,28
2026-03-07,524,Atlanta,285,7
2026-03-07,753,Phoenix,567,14
2026-03-07,505,Detroit,749,28
2026-03-07,528,Miami-Ft. Lauderdale,67,14
2026-03-07,506,Boston,571,7
2026-03-07,539,Tampa-St. Petersburg,762,28
2026-03-08,501,New York,104,28
2026-03-08,803,Los Angeles,247,7
2026-03-08,602,Chicago,639,28
2026-03-08,623,Dallas-Ft. Worth,704,28
2026-03-08,807,San Francisco-Oakland-San Jose,254,14
2026-03-08,511,Washington DC,259,14
2026-03-08,618,Houston,495,28
2026-03-08,753,Phoenix,584,14
2026-03-08,819,Seattle-Tacoma,694,7
2026-03-08,505,Detroit,198,14
2026-03-08,528,Miami-Ft. Lauderdale,316,7
2026-03-08,506,Boston,524,14
2026-03-08,539,Tampa-St. Petersburg,599,14
2026-03-09,501,New York,297,7
2026-03-09,803,Los Angeles,342,14
2026-03-09,602,Chicago,667,28
2026-03-09,504,Philadelphia,450,28
2026-03-09,623,Dallas-Ft. Worth,359,28
2026-03-09,807,San Francisco-Oakland-San Jose,668,28
2026-03-09,511,Washington DC,226,28
2026-03-09,618,Houston,156,14
2026-03-09,524,Atlanta,623,28
2026-03-09,753,Phoenix,619,14
2026-03-09,819,Seattle-Tacoma,588,7
2026-03-09,505,Detroit,498,14
2026-03-09,528,Miami-Ft. Lauderdale,278,7
2026-03-09,506,Boston,241,14
2026-03-09,539,Tampa-St. Petersburg,183,28
2026-03-10,501,New York,623,14
2026-03-10,803,Los Angeles,462,7
2026-03-10,602,Chicago,312,7
2026-03-10,504,Philadelphia,308,14
2026-03-10,623,Dallas-Ft. Worth,528,14
2026-03-10,807,San Francisco-Oakland-San Jose,236,7
2026-03-10,511,Washington DC,675,14
2026-03-10,618,Houston,389,7
2026-03-10,524,Atlanta,232,7
2026-03-10,753,Phoenix,123,14
2026-03-10,819,Seattle-Tacoma,430,28
2026-03-10,505,Detroit,694,28
2026-03-10,528,Miami-Ft. Lauderdale,316,28
2026-03-10,506,Boston,778,28
2026-03-10,539,Tampa-St. Petersburg,57,28
2026-03-11,803,Los Angeles,500,14
2026-03-11,602,Chicago,776,28
2026-03-11,504,Philadelphia,546,14
2026-03-11,623,Dallas-Ft. Worth,597,14
2026-03-11,807,San Francisco-Oakland-San Jose,167,7
2026-03-11,511,Washington DC,305,7
2026-03-11,618,Houston,496,7
2026-03-11,524,Atlanta,290,7
2026-03-11,753,Phoenix,343,28
2026-03-11,819,Seattle-Tacoma,180,14
2026-03-11,505,Detroit,343,28
2026-03-11,528,Miami-Ft. Lauderdale,446,7
2026-03-11,506,Boston,423,7
2026-03-11,539,Tampa-St. Petersburg,548,14
2026-03-13,501,New York,411,14
2026-03-13,803,Los Angeles,318,7
2026-03-13,602,Chicago,642,28
2026-03-13,504,Philadelphia,719,7
2026-03-13,623,Dallas-Ft. Worth,523,7
2026-03-13,807,San Francisco-Oakland-San Jose,726,28
2026-03-13,511,Washington DC,694,7
2026-03-13,618,Houston,568,28
2026-03-13,524,Atlanta,370,28
2026-03-13,753,Phoenix,623,28
2026-03-13,528,Miami-Ft. Lauderdale,125,7
2026-03-13,506,Boston,551,28
2026-03-13,539,Tampa-St. Petersburg,379,14
2026-03-14,501,New York,396,7
2026-03-14,803,Los Angeles,666,7
2026-03-14,602,Chicago,148,28
2026-03-14,504,Philadelphia,327,14
2026-03-14,623,Dallas-Ft. Worth,308,7
2026-03-14,807,San Francisco-Oakland-San Jose,52,28
2026-03-14,511,Washington DC,600,28
2026-03-14,618,Houston,220,28
2026-03-14,524,Atlanta,462,14
2026-03-14,753,Phoenix,669,28
2026-03-14,819,Seattle-Tacoma,383,28
2026-03-14,505,Detroit,83,7
2026-03-14,528,Miami-Ft. Lauderdale,300,14
2026-03-14,506,Boston,379,7
2026-03-14,539,Tampa-St. Petersburg,705,14
2026-03-15,501,New York,182,28
2026-03-15,602,Chicago,613,14
2026-03-15,504,Philadelphia,232,14
2026-03-15,618,Houston,76,28
2026-03-15,524,Atlanta,588,28
2026-03-15,753,Phoenix,57,28
2026-03-15,819,Seattle-Tacoma,50,14
2026-03-15,505,Detroit,517,28
2026-03-15,528,Miami-Ft. Lauderdale,456,28
2026-03-15,506,Boston,694,7
2026-03-15,539,Tampa-St. Petersburg,721,28
2026-03-16,501,New York,245,7
2026-03-16,803,Los Angeles,112,28
2026-03-16,504,Philadelphia,634,28
2026-03-16,623,Dallas-Ft. Worth,220,7
2026-03-16,807,San Francisco-Oakland-San Jose,654,14
2026-03-16,511,Washington DC,713,14
2026-03-16,618,Houston,425,14
2026-03-16,753,Phoenix,763,7
2026-03-16,819,Seattle-Tacoma,624,7
2026-03-16,505,Detroit,745,7
2026-03-16,528,Miami-Ft. Lauderdale,187,28
2026-03-16,506,Boston,761,28
2026-03-16,539,Tampa-St. Petersburg,208,28
2026-03-17,501,New York,271,14
2026-03-17,803,Los Angeles,293,14
2026-03-17,602,Chicago,770,14
2026-03-17,504,Philadelphia,646,28
2026-03-17,623,Dallas-Ft. Worth,549,28
2026-03-17,807,San Francisco-Oakland-San Jose,680,14
2026-03-17,511,Washington DC,140,7
2026-03-17,618,Houston,285,7
2026-03-17,524,Atlanta,587,28
2026-03-17,753,Phoenix,202,28
2026-03-17,819,Seattle-Tacoma,318,14
2026-03-17,505,Detroit,713,28
2026-03-17,528,Miami-Ft. Lauderdale,149,14
2026-03-17,539,Tampa-St. Petersburg,408,14
2026-03-18,501,New York,618,14
2026-03-18,803,Los Angeles,68,28
2026-03-18,602,Chicago,651,14
2026-03-18,623,Dallas-Ft. Worth,665,28
2026-03-18,807,San Francisco-Oakland-San Jose,742,28
2026-03-18,511,Washington DC,488,14
2026-03-18,618,Houston,692,28
2026-03-18,524,Atlanta,93,7
2026-03-18,753,Phoenix,570,28
2026-03-18,819,Seattle-Tacoma,756,7
2026-03-18,505,Detroit,319,28
2026-03-18,539,Tampa-St. Petersburg,173,14
2026-03-20,501,New York,575,14
2026-03-20,803,Los Angeles,578,14
2026-03-20,602,Chicago,545,14
2026-03-20,504,Philadelphia,93,7
2026-03-20,623,Dallas-Ft. Worth,228,14
2026-03-20,807,San Francisco-Oakland-San Jose,579,14
2026-03-20,511,Washington DC,603,7
2026-03-20,618,Houston,555,28
2026-03-20,524,Atlanta,71,7
2026-03-20,753,Phoenix,727,7
2026-03-20,819,Seattle-Tacoma,71,7
2026-03-20,505,Detroit,559,14
2026-03-20,528,Miami-Ft. Lauderdale,723,28
2026-03-20,506,Boston,507,14
2026-03-20,539,Tampa-St. Petersburg,723,28
2026-03-21,501,New York,402,28
2026-03-21,803,Los Angeles,701,14
2026-03-21,602,Chicago,769,28
2026-03-21,504,Philadelphia,484,28
2026-03-21,623,Dallas-Ft. Worth,51,7
2026-03-21,807,San Francisco-Oakland-San Jose,718,28
2026-03-21,511,Washington DC,266,14
2026-03-21,618,Houston,329,28
2026-03-21,524,Atlanta,685,28
2026-03-21,753,Phoenix,342,14
2026-03-21,819,Seattle-Tacoma,54,7
2026-03-21,505,Detroit,403,7
2026-03-21,528,Miami-Ft. Lauderdale,90,14
2026-03-21,506,Boston,509,7
2026-03-21,539,Tampa-St. Petersburg,325,14
2026-03-22,803,Los Angeles,534,28
2026-03-22,602,Chicago,213,14
2026-03-22,504,Philadelphia,546,14
2026-03-22,623,Dallas-Ft. Worth,298,7
2026-03-22,807,San Francisco-Oakland-San Jose,594,7
2026-03-22,511,Washington DC,185,28
2026-03-22,618,Houston,80,28
2026-03-22,753,Phoenix,108,7
2026-03-22,819,Seattle-Tacoma,477,7
2026-03-22,505,Detroit,521,14
2026-03-22,528,Miami-Ft. Lauderdale,741,7
2026-03-22,506,Boston,320,7
2026-03-23,501,New York,249,7
2026-03-23,803,Los Angeles,627,14
2026-03-23,602,Chicago,517,7
2026-03-23,504,Philadelphia,493,28
2026-03-23,623,Dallas-Ft. Worth,241,28
2026-03-23,807,San Francisco-Oakland-San Jose,437,14
2026-03-23,511,Washington DC,418,28
2026-03-23,618,Houston,192,14
2026-03-23,524,Atlanta,620,14
2026-03-23,753,Phoenix,603,14
2026-03-23,505,Detroit,443,14
2026-03-23,528,Miami-Ft. Lauderdale,562,14
2026-03-23,506,Boston,723,14
2026-03-23,539,Tampa-St. Petersburg,572,14
2026-03-24,501,New York,96,7
2026-03-24,602,Chicago,317,14
2026-03-24,504,Philadelphia,398,7
2026-03-24,623,Dallas-Ft. Worth,505,28
2026-03-24,807,San Francisco-Oakland-San Jose,189,28
2026-03-24,511,Washington DC,691,28
2026-03-24,618,Houston,516,7
2026-03-24,524,Atlanta,171,28
2026-03-24,753,Phoenix,430,7
2026-03-24,819,Seattle-Tacoma,444,7
2026-03-24,505,Detroit,543,7
2026-03-24,528,Miami-Ft. Lauderdale,392,28
2026-03-24,506,Boston,117,28
2026-03-24,539,Tampa-St. Petersburg,453,28
2026-03-25,501,New York,597,28
2026-03-25,803,Los Angeles,422,28
2026-03-25,602,Chicago,383,28
2026-03-25,504,Philadelphia,232,28
2026-03-25,623,Dallas-Ft. Worth,155,28
2026-03-25,807,San Francisco-Oakland-San Jose,713,7
2026-03-25,511,Washington DC,680,28
2026-03-25,618,Houston,523,28
2026-03-25,753,Phoenix,160,28
2026-03-25,819,Seattle-Tacoma,502,28
2026-03-25,505,Detroit,351,7
2026-03-25,528,Miami-Ft. Lauderdale,320,28
2026-03-25,506,Boston,52,28
2026-03-25,539,Tampa-St. Petersburg,668,7
2026-03-26,501,New York,314,7
2026-03-26,803,Los Angeles,637,14
2026-03-26,602,Chicago,668,7
2026-03-26,504,Philadelphia,363,14
2026-03-26,623,Dallas-Ft. Worth,579,28
2026-03-26,807,San Francisco-Oakland-San Jose,782,28
2026-03-26,511,Washington DC,450,28
2026-03-26,618,Houston,767,28
2026-03-26,524,Atlanta,520,14
2026-03-26,753,Phoenix,794,14
2026-03-26,819,Seattle-Tacoma,107,28
2026-03-26,505,Detroit,133,28
2026-03-26,528,Miami-Ft. Lauderdale,375,7
2026-03-26,506,Boston,760,14
2026-03-26,539,Tampa-St. Petersburg,87,28
2026-03-27,501,New York,378,7
2026-03-27,803,Los Angeles,187,14
2026-03-27,504,Philadelphia,551,14
2026-03-27,807,San Francisco-Oakland-San Jose,594,14
2026-03-27,511,Washington DC,686,14
2026-03-27,618,Houston,502,14
2026-03-27,524,Atlanta,433,28
2026-03-27,753,Phoenix,146,28
2026-03-27,819,Seattle-Tacoma,578,7
2026-03-27,505,Detroit,557,28
2026-03-27,528,Miami-Ft. Lauderdale,264,7
2026-03-27,506,Boston,761,28
2026-03-27,539,Tampa-St. Petersburg,645,14
2026-03-28,501,New York,291,28
2026-03-28,803,Los Angeles,385,28
2026-03-28,602,Chicago,256,7
2026-03-28,504,Philadelphia,759,28
2026-03-28,807,San Francisco-Oakland-San Jose,345,14
2026-03-28,511,Washington DC,561,7
2026-03-28,618,Houston,442,7
2026-03-28,524,Atlanta,526,14
2026-03-28,753,Phoenix,390,7
2026-03-28,819,Seattle-Tacoma,339,28
2026-03-28,505,Detroit,471,7
2026-03-28,528,Miami-Ft. Lauderdale,767,7
2026-03-28,506,Boston,152,14
2026-03-28,539,Tampa-St. Petersburg,84,7
2026-03-29,501,New York,126,7
2026-03-29,803,Los Angeles,52,28
2026-03-29,602,Chicago,447,7
2026-03-29,504,Philadelphia,330,7
2026-03-29,623,Dallas-Ft. Worth,746,14
2026-03-29,511,Washington DC,434,7
2026-03-29,618,Houston,425,14
2026-03-29,524,Atlanta,777,14
2026-03-29,753,Phoenix,656,28
2026-03-29,819,Seattle-Tacoma,557,7
2026-03-29,505,Detroit,388,7
2026-03-29,506,Boston,140,14
2026-03-29,539,Tampa-St. Petersburg,794,7
2026-03-30,501,New York,147,14
2026-03-30,803,Los Angeles,252,28
2026-03-30,602,Chicago,569,14
2026-03-30,623,Dallas-Ft. Worth,724,14
2026-03-30,807,San Francisco-Oakland-San Jose,223,14
2026-03-30,618,Houston,195,28
2026-03-30,524,Atlanta,391,14
2026-03-30,753,Phoenix,207,7
2026-03-30,819,Seattle-Tacoma,377,28
2026-03-30,505,Detroit,292,7
2026-03-30,528,Miami-Ft. Lauderdale,128,7
2026-03-30,506,Boston,677,7
2026-03-31,501,New York,593,28
2026-03-31,803,Los Angeles,422,28
2026-03-31,602,Chicago,324,7
2026-03-31,504,Philadelphia,86,14
2026-03-31,623,Dallas-Ft. Worth,730,7
2026-03-31,807,San Francisco-Oakland-San Jose,424,14
2026-03-31,511,Washington DC,571,14
2026-03-31,618,Houston,114,28
2026-03-31,524,Atlanta,619,14
2026-03-31,753,Phoenix,677,28
2026-03-31,819,Seattle-Tacoma,354,28
2026-03-31,505,Detroit,643,28
2026-03-31,506,Boston,783,14
2026-03-31,539,Tampa-St. Petersburg,263,7
2026-04-01,501,New York,53,14
2026-04-01,803,Los Angeles,178,14
2026-04-01,602,Chicago,50,28
2026-04-01,504,Philadelphia,60,14
2026-04-01,623,Dallas-Ft. Worth,429,7
2026-04-01,807,San Francisco-Oakland-San Jose,372,7
2026-04-01,511,Washington DC,745,14
2026-04-01,618,Houston,380,28
2026-04-01,524,Atlanta,676,28
2026-04-01,753,Phoenix,89,28
2026-04-01,819,Seattle-Tacoma,597,14
2026-04-01,505,Detroit,558,28
2026-04-01,528,Miami-Ft. Lauderdale,186,7
2026-04-01,506,Boston,346,7
2026-04-02,501,New York,112,14
2026-04-02,803,Los Angeles,115,28
2026-04-02,602,Chicago,88,14
2026-04-02,504,Philadelphia,530,7
2026-04-02,623,Dallas-Ft. Worth,302,14
2026-04-02,807,San Francisco-Oakland-San Jose,398,28
2026-04-02,618,Houston,143,14
2026-04-02,524,Atlanta,200,7
2026-04-02,753,Phoenix,207,28
2026-04-02,819,Seattle-Tacoma,186,7
2026-04-02,505,Detroit,617,14
2026-04-02,528,Miami-Ft. Lauderdale,173,14
2026-04-02,539,Tampa-St. Petersburg,701,14
2026-04-03,501,New York,355,7
2026-04-03,803,Los Angeles,658,7
2026-04-03,602,Chicago,295,7
2026-04-03,504,Philadelphia,757,7
2026-04-03,623,Dallas-Ft. Worth,107,7
2026-04-03,511,Washington DC,508,28
2026-04-03,618,Houston,225,28
2026-04-03,524,Atlanta,214,14
2026-04-03,753,Phoenix,390,7
2026-04-03,819,Seattle-Tacoma,550,28
2026-04-03,528,Miami-Ft. Lauderdale,393,7
2026-04-03,506,Boston,668,14
2026-04-03,539,Tampa-St. Petersburg,169,28
2026-04-04,501,New York,470,7
2026-04-04,803,Los Angeles,763,28
2026-04-04,602,Chicago,549,14
2026-04-04,504,Philadelphia,600,28
2026-04-04,623,Dallas-Ft. Worth,519,28
2026-04-04,807,San Francisco-Oakland-San Jose,270,14
2026-04-04,618,Houston,615,7
2026-04-04,753,Phoenix,661,7
2026-04-04,819,Seattle-Tacoma,293,14
2026-04-04,528,Miami-Ft. Lauderdale,242,7
2026-04-04,506,Boston,392,14
2026-04-04,539,Tampa-St. Petersburg,791,7
2026-04-05,501,New York,551,28
2026-04-05,803,Los Angeles,252,14
2026-04-05,602,Chicago,199,14
2026-04-05,504,Philadelphia,662,28
2026-04-05,623,Dallas-Ft. Worth,531,28
2026-04-05,807,San Francisco-Oakland-San Jose,515,7
2026-04-05,511,Washington DC,236,28
2026-04-05,618,Houston,564,7
2026-04-05,753,Phoenix,658,7
2026-04-05,819,Seattle-Tacoma,214,28
2026-04-05,505,Detroit,251,28
2026-04-05,528,Miami-Ft. Lauderdale,134,7
2026-04-05,506,Boston,383,7
2026-04-05,539,Tampa-St. Petersburg,272,14
2026-04-06,501,New York,78,14
2026-04-06,803,Los Angeles,747,7
2026-04-06,602,Chicago,772,14
2026-04-06,504,Philadelphia,93,28
2026-04-06,623,Dallas-Ft. Worth,334,14
2026-04-06,511,Washington DC,214,7
2026-04-06,618,Houston,208,14
2026-04-06,524,Atlanta,447,14
2026-04-06,753,Phoenix,584,28
2026-04-06,819,Seattle-Tacoma,630,7
2026-04-06,505,Detroit,282,28
2026-04-06,528,Miami-Ft. Lauderdale,85,14
2026-04-06,506,Boston,210,28
2026-04-06,539,Tampa-St. Petersburg,758,7
2026-04-07,501,New York,520,14
2026-04-07,803,Los Angeles,251,14
2026-04-07,602,Chicago,794,7
2026-04-07,504,Philadelphia,584,14
2026-04-07,623,Dallas-Ft. Worth,646,14
2026-04-07,807,San Francisco-Oakland-San Jose,131,28
2026-04-07,511,Washington DC,674,7
2026-04-07,618,Houston,83,28
2026-04-07,524,Atlanta,324,14
2026-04-07,753,Phoenix,420,28
2026-04-07,819,Seattle-Tacoma,570,28
2026-04-07,505,Detroit,403,14
2026-04-07,528,Miami-Ft. Lauderdale,236,28
2026-04-07,506,Boston,245,7
2026-04-08,803,Los Angeles,121,28
2026-04-08,602,Chicago,360,28
2026-04-08,504,Philadelphia,453,28
2026-04-08,623,Dallas-Ft. Worth,527,28
2026-04-08,807,San Francisco-Oakland-San Jose,408,7
2026-04-08,511,Washington DC,150,14
2026-04-08,618,Houston,425,28
2026-04-08,524,Atlanta,421,7
2026-04-08,753,Phoenix,440,28
2026-04-08,819,Seattle-Tacoma,192,14
2026-04-08,505,Detroit,726,7
2026-04-08,528,Miami-Ft. Lauderdale,390,7
2026-04-08,506,Boston,427,28
2026-04-08,539,Tampa-St. Petersburg,320,28
2026-04-09,501,New York,163,28
2026-04-09,803,Los Angeles,426,14
2026-04-09,602,Chicago,232,28
2026-04-09,504,Philadelphia,123,7
2026-04-09,623,Dallas-Ft. Worth,467,14
2026-04-09,807,San Francisco-Oakland-San Jose,710,28
2026-04-09,618,Houston,633,14
2026-04-09,524,Atlanta,370,28
2026-04-09,753,Phoenix,545,7
2026-04-09,819,Seattle-Tacoma,484,14
2026-04-09,505,Detroit,345,14
2026-04-09,528,Miami-Ft. Lauderdale,782,7
2026-04-09,539,Tampa-St. Petersburg,793,28
2026-04-10,501,New York,467,28
2026-04-10,602,Chicago,355,7
2026-04-10,504,Philadelphia,262,14
2026-04-10,807,San Francisco-Oakland-San Jose,778,14
2026-04-10,511,Washington DC,172,7
2026-04-10,618,Houston,393,28
2026-04-10,524,Atlanta,471,28
2026-04-10,753,Phoenix,80,28
2026-04-10,819,Seattle-Tacoma,423,7
2026-04-10,505,Detroit,129,28
2026-04-10,528,Miami-Ft. Lauderdale,217,14
2026-04-10,506,Boston,461,14
2026-04-10,539,Tampa-St. Petersburg,338,14
2026-04-11,501,New York,113,14
2026-04-11,803,Los Angeles,691,28
2026-04-11,602,Chicago,338,7
2026-04-11,504,Philadelphia,692,7
2026-04-11,807,San Francisco-Oakland-San Jose,80,14
2026-04-11,511,Washington DC,90,28
2026-04-11,753,Phoenix,346,28
2026-04-11,819,Seattle-Tacoma,430,14
2026-04-11,505,Detroit,354,7
2026-04-11,528,Miami-Ft. Lauderdale,571,14
2026-04-11,506,Boston,650,28
2026-04-12,501,New York,648,7
2026-04-12,803,Los Angeles,723,28
2026-04-12,504,Philadelphia,246,28
2026-04-12,807,San Francisco-Oakland-San Jose,350,28
2026-04-12,511,Washington DC,81,14
2026-04-12,618,Houston,262,7
2026-04-12,524,Atlanta,474,14
2026-04-12,819,Seattle-Tacoma,183,7
2026-04-12,506,Boston,751,7
2026-04-13,501,New York,429,7
2026-04-13,803,Los Angeles,423,28
2026-04-13,602,Chicago,516,28
2026-04-13,504,Philadelphia,446,14
2026-04-13,807,San Francisco-Oakland-San Jose,416,28
2026-04-13,511,Washington DC,168,14
2026-04-13,618,Houston,403,7
2026-04-13,524,Atlanta,71,28
2026-04-13,753,Phoenix,322,28
2026-04-13,819,Seattle-Tacoma,518,14
2026-04-13,528,Miami-Ft. Lauderdale,400,7
2026-04-13,506,Boston,167,7
2026-04-13,539,Tampa-St. Petersburg,175,7
2026-04-14,803,Los Angeles,228,28
2026-04-14,602,Chicago,148,14
2026-04-14,504,Philadelphia,428,28
2026-04-14,623,Dallas-Ft. Worth,164,7
2026-04-14,807,San Francisco-Oakland-San Jose,712,14
2026-04-14,511,Washington DC,60,28
2026-04-14,618,Houston,764,14
2026-04-14,524,Atlanta,375,14
2026-04-14,753,Phoenix,765,7
2026-04-14,819,Seattle-Tacoma,561,7
2026-04-14,505,Detroit,57,14
2026-04-14,528,Miami-Ft. Lauderdale,82,28
2026-04-14,506,Boston,363,14
2026-04-14,539,Tampa-St. Petersburg,231,14
2026-04-15,501,New York,611,28
2026-04-15,803,Los Angeles,85,28
2026-04-15,602,Chicago,740,28
2026-04-15,504,Philadelphia,285,7
2026-04-15,623,Dallas-Ft. Worth,151,28
2026-04-15,511,Washington DC,720,28
2026-04-15,618,Houston,126,28
2026-04-15,524,Atlanta,772,14
2026-04-15,753,Phoenix,76,28
2026-04-15,819,Seattle-Tacoma,567,7
2026-04-15,505,Detroit,786,28
2026-04-15,528,Miami-Ft. Lauderdale,774,7
2026-04-15,506,Boston,651,7
2026-04-15,539,Tampa-St. Petersburg,708,7
2026-04-16,501,New York,508,14
2026-04-16,803,Los Angeles,393,28
2026-04-16,602,Chicago,313,28
2026-04-16,504,Philadelphia,414,14
2026-04-16,623,Dallas-Ft. Worth,355,28
2026-04-16,807,San Francisco-Oakland-San Jose,95,7
2026-04-16,511,Washington DC,316,28
2026-04-16,618,Houston,298,28
2026-04-16,524,Atlanta,493,28
2026-04-16,753,Phoenix,453,14
2026-04-16,819,Seattle-Tacoma,611,7
2026-04-16,505,Detroit,88,14
2026-04-16,506,Boston,629,28
2026-04-16,539,Tampa-St. Petersburg,765,14
2026-04-17,501,New York,327,7
2026-04-17,602,Chicago,532,14
2026-04-17,504,Philadelphia,289,28
2026-04-17,623,Dallas-Ft. Worth,519,28
2026-04-17,511,Washington DC,572,28
2026-04-17,618,Houston,307,7
2026-04-17,524,Atlanta,278,28
2026-04-17,753,Phoenix,783,28
2026-04-17,819,Seattle-Tacoma,274,7
2026-04-17,505,Detroit,149,14
2026-04-17,528,Miami-Ft. Lauderdale,232,7
2026-04-17,506,Boston,737,7
2026-04-17,539,Tampa-St. Petersburg,444,7
2026-04-18,501,New York,446,28
2026-04-18,803,Los Angeles,134,14
2026-04-18,602,Chicago,204,28
2026-04-18,504,Philadelphia,383,28
2026-04-18,623,Dallas-Ft. Worth,193,14
2026-04-18,807,San Francisco-Oakland-San Jose,460,7
2026-04-18,511,Washington DC,625,14
2026-04-18,618,Houston,483,7
2026-04-18,524,Atlanta,70,28
2026-04-18,753,Phoenix,739,7
2026-04-18,819,Seattle-Tacoma,631,7
2026-04-18,505,Detroit,737,14
2026-04-18,528,Miami-Ft. Lauderdale,545,7
2026-04-18,506,Boston,71,28
2026-04-18,539,Tampa-St. Petersburg,261,7
2026-04-19,501,New York,659,28
2026-04-19,803,Los Angeles,95,14
2026-04-19,602,Chicago,464,28
2026-04-19,504,Philadelphia,488,7
2026-04-19,623,Dallas-Ft. Worth,398,14
2026-04-19,511,Washington DC,714,7
2026-04-19,618,Houston,99,28
2026-04-19,524,Atlanta,611,7
2026-04-19,819,Seattle-Tacoma,241,14
2026-04-19,528,Miami-Ft. Lauderdale,567,7
2026-04-19,506,Boston,429,14
2026-04-19,539,Tampa-St. Petersburg,369,7
2026-04-20,501,New York,344,7
2026-04-20,803,Los Angeles,317,7
2026-04-20,602,Chicago,451,7
2026-04-20,504,Philadelphia,765,7
2026-04-20,623,Dallas-Ft. Worth,648,28
2026-04-20,807,San Francisco-Oakland-San Jose,500,14
2026-04-20,618,Houston,695,28
2026-04-20,524,Atlanta,367,28
2026-04-20,753,Phoenix,265,14
2026-04-20,819,Seattle-Tacoma,319,28
2026-04-20,528,Miami-Ft. Lauderdale,145,14
2026-04-20,506,Boston,627,28
2026-04-22,501,New York,539,14
2026-04-22,803,Los Angeles,430,7
2026-04-22,602,Chicago,733,7
2026-04-22,504,Philadelphia,555,14
2026-04-22,623,Dallas-Ft. Worth,253,28
2026-04-22,807,San Francisco-Oakland-San Jose,390,14
2026-04-22,511,Washington DC,730,7
2026-04-22,618,Houston,685,14
2026-04-22,753,Phoenix,622,14
2026-04-22,505,Detroit,647,7
2026-04-22,528,Miami-Ft. Lauderdale,557,14
2026-04-22,506,Boston,502,14
2026-04-22,539,Tampa-St. Petersburg,533,14
2026-04-24,501,New York,382,7
2026-04-24,803,Los Angeles,304,14
2026-04-24,602,Chicago,555,14
2026-04-24,504,Philadelphia,189,14
2026-04-24,807,San Francisco-Oakland-San Jose,108,14
2026-04-24,511,Washington DC,782,7
2026-04-24,618,Houston,602,7
2026-04-24,524,Atlanta,168,7
2026-04-24,753,Phoenix,196,7
2026-04-24,819,Seattle-Tacoma,295,14
2026-04-24,505,Detroit,464,7
2026-04-24,528,Miami-Ft. Lauderdale,679,7
2026-04-24,506,Boston,405,14
2026-04-24,539,Tampa-St. Petersburg,597,14
2026-04-25,501,New York,460,14
2026-04-25,504,Philadelphia,316,14
2026-04-25,623,Dallas-Ft. Worth,663,7
2026-04-25,807,San Francisco-Oakland-San Jose,654,14
2026-04-25,511,Washington DC,773,14
2026-04-25,618,Houston,494,28
2026-04-25,524,Atlanta,756,7
2026-04-25,753,Phoenix,756,14
2026-04-25,819,Seattle-Tacoma,157,7
2026-04-25,505,Detroit,713,7
2026-04-25,528,Miami-Ft. Lauderdale,440,7
2026-04-25,506,Boston,234,28
2026-04-25,539,Tampa-St. Petersburg,472,14
2026-04-26,501,New York,648,7
2026-04-26,803,Los Angeles,774,28
2026-04-26,602,Chicago,442,28
2026-04-26,504,Philadelphia,460,14
2026-04-26,623,Dallas-Ft. Worth,689,28
2026-04-26,807,San Francisco-Oakland-San Jose,246,28
2026-04-26,511,Washington DC,331,14
2026-04-26,618,Houston,671,7
2026-04-26,524,Atlanta,230,7
2026-04-26,753,Phoenix,619,14
2026-04-26,819,Seattle-Tacoma,704,14
2026-04-26,505,Detroit,279,28
2026-04-26,528,Miami-Ft. Lauderdale,279,28
2026-04-26,506,Boston,501,7
2026-04-26,539,Tampa-St. Petersburg,709,28
2026-04-27,803,Los Angeles,113,28
2026-04-27,602,Chicago,397,7
2026-04-27,504,Philadelphia,529,28
2026-04-27,623,Dallas-Ft. Worth,451,7
2026-04-27,807,San Francisco-Oakland-San Jose,782,7
2026-04-27,511,Washington DC,234,28
2026-04-27,618,Houston,63,7
2026-04-27,524,Atlanta,657,7
2026-04-27,753,Phoenix,600,14
2026-04-27,819,Seattle-Tacoma,257,14
2026-04-27,505,Detroit,724,7
2026-04-27,528,Miami-Ft. Lauderdale,213,7
2026-04-27,506,Boston,486,14
2026-04-27,539,Tampa-St. Petersburg,54,28
2026-04-28,501,New York,468,7
2026-04-28,602,Chicago,487,14
2026-04-28,504,Philadelphia,686,14
2026-04-28,623,Dallas-Ft. Worth,213,28
2026-04-28,807,San Francisco-Oakland-San Jose,428,14
2026-04-28,511,Washington DC,183,28
2026-04-28,618,Houston,387,14
2026-04-28,524,Atlanta,92,28
2026-04-28,753,Phoenix,789,14
2026-04-28,819,Seattle-Tacoma,68,28
2026-04-28,505,Detroit,638,28
2026-04-28,528,Miami-Ft. Lauderdale,589,7
2026-04-28,506,Boston,436,14
2026-04-28,539,Tampa-St. Petersburg,73,28
2026-04-29,501,New York,313,14
2026-04-29,803,Los Angeles,450,7
2026-04-29,602,Chicago,778,14
2026-04-29,504,Philadelphia,280,7
2026-04-29,623,Dallas-Ft. Worth,776,7
2026-04-29,807,San Francisco-Oakland-San Jose,402,28
2026-04-29,511,Washington DC,72,14
2026-04-29,524,Atlanta,156,28
2026-04-29,819,Seattle-Tacoma,589,28
2026-04-29,505,Detroit,485,7
2026-04-29,539,Tampa-St. Petersburg,702,7
2026-04-30,501,New York,294,14
2026-04-30,803,Los Angeles,122,7
2026-04-30,602,Chicago,202,28
2026-04-30,504,Philadelphia,307,14
2026-04-30,623,Dallas-Ft. Worth,139,28
2026-04-30,807,San Francisco-Oakland-San Jose,558,28
2026-04-30,511,Washington DC,361,28
2026-04-30,618,Houston,775,14
2026-04-30,524,Atlanta,408,7
2026-04-30,753,Phoenix,365,7
2026-04-30,819,Seattle-Tacoma,186,7
2026-04-30,505,Detroit,659,14
2026-04-30,528,Miami-Ft. Lauderdale,110,28
2026-04-30,506,Boston,106,14
2026-04-30,539,Tampa-St. Petersburg,507,14
2026-05-01,501,New York,392,7
2026-05-01,602,Chicago,376,14
2026-05-01,504,Philadelphia,702,28
2026-05-01,623,Dallas-Ft. Worth,442,28
2026-05-01,511,Washington DC,513,7
2026-05-01,618,Houston,448,7
2026-05-01,524,Atlanta,309,14
2026-05-01,753,Phoenix,414,7
2026-05-01,819,Seattle-Tacoma,279,7
2026-05-01,505,Detroit,497,14
2026-05-01,528,Miami-Ft. Lauderdale,706,14
2026-05-01,506,Boston,757,7
2026-05-01,539,Tampa-St. Petersburg,320,28
2026-05-02,501,New York,358,28
2026-05-02,803,Los Angeles,504,28
2026-05-02,602,Chicago,510,28
2026-05-02,504,Philadelphia,557,14
2026-05-02,623,Dallas-Ft. Worth,446,7
2026-05-02,807,San Francisco-Oakland-San Jose,450,7
2026-05-02,618,Houston,138,28
2026-05-02,524,Atlanta,76,28
2026-05-02,819,Seattle-Tacoma,652,7
2026-05-02,505,Detroit,742,28
2026-05-02,528,Miami-Ft. Lauderdale,743,14
2026-05-02,506,Boston,720,14
2026-05-02,539,Tampa-St. Petersburg,506,28
2026-05-03,501,New York,620,14
2026-05-03,803,Los Angeles,441,14
2026-05-03,602,Chicago,187,7
2026-05-03,504,Philadelphia,532,7
2026-05-03,623,Dallas-Ft. Worth,167,7
2026-05-03,807,San Francisco-Oakland-San Jose,724,7
2026-05-03,511,Washington DC,594,28
2026-05-03,618,Houston,478,14
2026-05-03,524,Atlanta,710,14
2026-05-03,753,Phoenix,235,28
2026-05-03,819,Seattle-Tacoma,733,14
2026-05-03,505,Detroit,447,7
2026-05-03,528,Miami-Ft. Lauderdale,307,14
2026-05-03,506,Boston,314,7
2026-05-03,539,Tampa-St. Petersburg,362,28
2026-05-04,501,New York,572,28
2026-05-04,803,Los Angeles,509,14
2026-05-04,602,Chicago,387,7
2026-05-04,504,Philadelphia,355,28
2026-05-04,623,Dallas-Ft. Worth,235,28
2026-05-04,511,Washington DC,498,7
2026-05-04,618,Houston,316,14
2026-05-04,524,Atlanta,416,28
2026-05-04,753,Phoenix,765,7
2026-05-04,819,Seattle-Tacoma,774,7
2026-05-04,528,Miami-Ft. Lauderdale,720,14
2026-05-04,506,Boston,757,28
2026-05-04,539,Tampa-St. Petersburg,506,7
2026-05-05,501,New York,295,28
2026-05-05,803,Los Angeles,790,7
2026-05-05,602,Chicago,581,14
2026-05-05,623,Dallas-Ft. Worth,756,28
2026-05-05,807,San Francisco-Oakland-San Jose,717,28
2026-05-05,511,Washington DC,280,7
2026-05-05,618,Houston,646,28
2026-05-05,524,Atlanta,527,28
2026-05-05,753,Phoenix,375,14
2026-05-05,819,Seattle-Tacoma,230,14
2026-05-05,528,Miami-Ft. Lauderdale,315,28
2026-05-05,506,Boston,358,28
2026-05-05,539,Tampa-St. Petersburg,587,14
2026-05-06,501,New York,692,28
2026-05-06,803,Los Angeles,621,28
2026-05-06,602,Chicago,602,28
2026-05-06,504,Philadelphia,254,14
2026-05-06,623,Dallas-Ft. Worth,228,14
2026-05-06,807,San Francisco-Oakland-San Jose,499,14
2026-05-06,511,Washington DC,409,14
2026-05-06,618,Houston,248,14
2026-05-06,524,Atlanta,599,7
2026-05-06,753,Phoenix,466,7
2026-05-06,819,Seattle-Tacoma,463,7
2026-05-06,528,Miami-Ft. Lauderdale,437,14
2026-05-06,506,Boston,290,28
2026-05-06,539,Tampa-St. Petersburg,557,7
2026-05-07,602,Chicago,270,7
2026-05-07,504,Philadelphia,170,14
2026-05-07,623,Dallas-Ft. Worth,785,7
2026-05-07,807,San Francisco-Oakland-San Jose,368,28
2026-05-07,511,Washington DC,456,28
2026-05-07,618,Houston,585,28
2026-05-07,524,Atlanta,799,14
2026-05-07,753,Phoenix,452,7
2026-05-07,819,Seattle-Tacoma,127,28
2026-05-07,505,Detroit,369,14
2026-05-07,528,Miami-Ft. Lauderdale,694,28
2026-05-07,506,Boston,313,14
2026-05-07,539,Tampa-St. Petersburg,615,14
2026-05-08,501,New York,753,14
2026-05-08,803,Los Angeles,503,7
2026-05-08,602,Chicago,581,28
2026-05-08,504,Philadelphia,521,28
2026-05-08,623,Dallas-Ft. Worth,517,28
2026-05-08,807,San Francisco-Oakland-San Jose,226,7
2026-05-08,511,Washington DC,204,28
2026-05-08,618,Houston,76,28
2026-05-08,524,Atlanta,121,7
2026-05-08,753,Phoenix,294,14
2026-05-08,819,Seattle-Tacoma,181,14
2026-05-08,505,Detroit,148,7
2026-05-08,528,Miami-Ft. Lauderdale,372,28
2026-05-08,506,Boston,235,7
2026-05-08,539,Tampa-St. Petersburg,629,14
2026-05-09,602,Chicago,51,14
2026-05-09,504,Philadelphia,495,14
2026-05-09,623,Dallas-Ft. Worth,487,28
2026-05-09,807,San Francisco-Oakland-San Jose,169,7
2026-05-09,618,Houston,354,14
2026-05-09,524,Atlanta,251,7
2026-05-09,753,Phoenix,353,7
2026-05-09,819,Seattle-Tacoma,58,7
2026-05-09,505,Detroit,300,7
2026-05-09,528,Miami-Ft. Lauderdale,791,7
2026-05-09,506,Boston,140,7
2026-05-09,539,Tampa-St. Petersburg,395,14
2026-05-10,501,New York,511,14
2026-05-10,803,Los Angeles,660,7
2026-05-10,602,Chicago,652,28
2026-05-10,504,Philadelphia,634,14
2026-05-10,623,Dallas-Ft. Worth,288,7
2026-05-10,807,San Francisco-Oakland-San Jose,541,7
2026-05-10,511,Washington DC,595,28
2026-05-10,618,Houston,428,28
2026-05-10,524,Atlanta,92,7
2026-05-10,753,Phoenix,271,14
2026-05-10,819,Seattle-Tacoma,447,7
2026-05-10,505,Detroit,532,28
2026-05-10,528,Miami-Ft. Lauderdale,752,7
2026-05-10,506,Boston,493,7
2026-05-10,539,Tampa-St. Petersburg,357,28
2026-05-11,501,New York,366,28
2026-05-11,803,Los Angeles,169,7
2026-05-11,602,Chicago,248,7
2026-05-11,504,Philadelphia,509,7
2026-05-11,623,Dallas-Ft. Worth,698,7
2026-05-11,807,San Francisco-Oakland-San Jose,776,7
2026-05-11,511,Washington DC,644,14
2026-05-11,618,Houston,674,7
2026-05-11,524,Atlanta,141,28
2026-05-11,753,Phoenix,322,14
2026-05-11,819,Seattle-Tacoma,267,28
2026-05-11,505,Detroit,695,14
2026-05-11,506,Boston,544,28
2026-05-11,539,Tampa-St. Petersburg,111,28
2026-05-12,501,New York,262,28
2026-05-12,803,Los Angeles,171,7
2026-05-12,602,Chicago,68,7
2026-05-12,504,Philadelphia,790,28
2026-05-12,623,Dallas-Ft. Worth,246,28
2026-05-12,807,San Francisco-Oakland-San Jose,660,7
2026-05-12,511,Washington DC,52,28
2026-05-12,618,Houston,743,14
2026-05-12,524,Atlanta,355,14
2026-05-12,753,Phoenix,130,14
2026-05-12,819,Seattle-Tacoma,112,28
2026-05-12,505,Detroit,447,28
2026-05-12,506,Boston,367,28
2026-05-12,539,Tampa-St. Petersburg,81,7
2026-05-13,501,New York,384,28
2026-05-13,803,Los Angeles,326,14
2026-05-13,602,Chicago,131,28
2026-05-13,504,Philadelphia,171,14
2026-05-13,623,Dallas-Ft. Worth,296,14
2026-05-13,511,Washington DC,318,7
2026-05-13,618,Houston,160,7
2026-05-13,524,Atlanta,402,14
2026-05-13,753,Phoenix,684,28
2026-05-13,819,Seattle-Tacoma,712,28
2026-05-13,505,Detroit,133,28
2026-05-13,528,Miami-Ft. Lauderdale,160,28
2026-05-13,506,Boston,686,28
2026-05-14,501,New York,290,14
2026-05-14,803,Los Angeles,551,28
2026-05-14,602,Chicago,766,28
2026-05-14,504,Philadelphia,427,28
2026-05-14,623,Dallas-Ft. Worth,699,7
2026-05-14,807,San Francisco-Oakland-San Jose,75,28
2026-05-14,511,Washington DC,126,14
2026-05-14,618,Houston,63,7
2026-05-14,524,Atlanta,398,28
2026-05-14,753,Phoenix,476,7
2026-05-14,819,Seattle-Tacoma,348,7
2026-05-14,505,Detroit,422,28
2026-05-14,528,Miami-Ft. Lauderdale,250,28
2026-05-14,506,Boston,672,14
2026-05-14,539,Tampa-St. Petersburg,110,7
2026-05-15,501,New York,473,7
2026-05-15,803,Los Angeles,430,7
2026-05-15,602,Chicago,695,7
2026-05-15,504,Philadelphia,233,14
2026-05-15,623,Dallas-Ft. Worth,226,14
2026-05-15,807,San Francisco-Oakland-San Jose,624,28
2026-05-15,511,Washington DC,625,28
2026-05-15,618,Houston,602,7
2026-05-15,524,Atlanta,357,28
2026-05-15,753,Phoenix,321,14
2026-05-15,819,Seattle-Tacoma,767,14
2026-05-15,505,Detroit,149,28
2026-05-15,528,Miami-Ft. Lauderdale,799,7
2026-05-15,506,Boston,339,7
2026-05-15,539,Tampa-St. Petersburg,703,14
2026-05-16,501,New York,738,14
2026-05-16,602,Chicago,629,7
2026-05-16,504,Philadelphia,630,7
2026-05-16,623,Dallas-Ft. Worth,290,28
2026-05-16,807,San Francisco-Oakland-San Jose,643,7
2026-05-16,511,Washington DC,459,14
2026-05-16,618,Houston,77,28
2026-05-16,524,Atlanta,418,7
2026-05-16,819,Seattle-Tacoma,390,28
2026-05-16,505,Detroit,437,28
2026-05-16,528,Miami-Ft. Lauderdale,93,14
2026-05-16,506,Boston,243,28
2026-05-16,539,Tampa-St. Petersburg,654,7
2026-05-17,803,Los Angeles,743,28
2026-05-17,602,Chicago,196,14
2026-05-17,504,Philadelphia,602,28
2026-05-17,623,Dallas-Ft. Worth,576,7
2026-05-17,807,San Francisco-Oakland-San Jose,607,7
2026-05-17,511,Washington DC,74,7
2026-05-17,618,Houston,261,7
2026-05-17,524,Atlanta,427,28
2026-05-17,753,Phoenix,469,28
2026-05-17,819,Seattle-Tacoma,363,28
2026-05-17,505,Detroit,758,7
2026-05-17,528,Miami-Ft. Lauderdale,582,14
2026-05-17,506,Boston,129,7
2026-05-17,539,Tampa-St. Petersburg,72,28
2026-05-18,501,New York,757,28
2026-05-18,803,Los Angeles,330,7
2026-05-18,602,Chicago,123,28
2026-05-18,504,Philadelphia,777,28
2026-05-18,623,Dallas-Ft. Worth,556,7
2026-05-18,511,Washington DC,577,14
2026-05-18,618,Houston,722,7
2026-05-18,524,Atlanta,188,28
2026-05-18,753,Phoenix,306,28
2026-05-18,819,Seattle-Tacoma,58,28
2026-05-18,505,Detroit,744,14
2026-05-18,528,Miami-Ft. Lauderdale,384,7
2026-05-18,506,Boston,444,7
2026-05-18,539,Tampa-St. Petersburg,419,14
2026-05-19,803,Los Angeles,209,28
2026-05-19,602,Chicago,758,28
2026-05-19,504,Philadelphia,605,14
2026-05-19,807,San Francisco-Oakland-San Jose,109,28
2026-05-19,511,Washington DC,182,7
2026-05-19,618,Houston,652,14
2026-05-19,524,Atlanta,491,7
2026-05-19,753,Phoenix,365,28
2026-05-19,819,Seattle-Tacoma,211,14
2026-05-19,505,Detroit,88,28
2026-05-19,528,Miami-Ft. Lauderdale,401,7
2026-05-19,506,Boston,471,7
2026-05-19,539,Tampa-St. Petersburg,447,14
2026-05-20,501,New York,627,14
2026-05-20,803,Los Angeles,769,28
2026-05-20,623,Dallas-Ft. Worth,262,7
2026-05-20,807,San Francisco-Oakland-San Jose,73,7
2026-05-20,511,Washington DC,643,14
2026-05-20,618,Houston,427,28
2026-05-20,524,Atlanta,716,14
2026-05-20,753,Phoenix,241,7
2026-05-20,819,Seattle-Tacoma,712,7
2026-05-20,505,Detroit,364,7
2026-05-20,528,Miami-Ft. Lauderdale,364,14
2026-05-20,506,Boston,223,7
2026-05-20,539,Tampa-St. Petersburg,73,28
2026-05-21,501,New York,728,28
2026-05-21,803,Los Angeles,371,7
2026-05-21,602,Chicago,797,28
2026-05-21,504,Philadelphia,63,14
2026-05-21,623,Dallas-Ft. Worth,426,7
2026-05-21,807,San Francisco-Oakland-San Jose,796,14
2026-05-21,511,Washington DC,706,7
2026-05-21,618,Houston,286,14
2026-05-21,524,Atlanta,506,14
2026-05-21,753,Phoenix,76,28
2026-05-21,819,Seattle-Tacoma,239,14
2026-05-21,505,Detroit,175,7
2026-05-21,528,Miami-Ft. Lauderdale,431,28
2026-05-21,539,Tampa-St. Petersburg,408,28
2026-05-22,501,New York,636,28
2026-05-22,803,Los Angeles,136,14
2026-05-22,602,Chicago,143,28
2026-05-22,504,Philadelphia,415,28
2026-05-22,623,Dallas-Ft. Worth,426,7
2026-05-22,807,San Francisco-Oakland-San Jose,312,7
2026-05-22,511,Washington DC,193,7
2026-05-22,524,Atlanta,614,14
2026-05-22,753,Phoenix,587,14
2026-05-22,819,Seattle-Tacoma,736,7
2026-05-22,505,Detroit,111,28
2026-05-22,528,Miami-Ft. Lauderdale,208,28
2026-05-22,539,Tampa-St. Petersburg,226,14
2026-05-23,501,New York,158,28
2026-05-23,803,Los Angeles,786,14
2026-05-23,602,Chicago,369,28
2026-05-23,504,Philadelphia,552,28
2026-05-23,623,Dallas-Ft. Worth,300,7
2026-05-23,807,San Francisco-Oakland-San Jose,438,7
2026-05-23,511,Washington DC,282,7
2026-05-23,618,Houston,191,14
2026-05-23,524,Atlanta,274,7
2026-05-23,819,Seattle-Tacoma,117,14
2026-05-23,505,Detroit,364,7
2026-05-23,506,Boston,707,14
2026-05-23,539,Tampa-St. Petersburg,743,7
2026-05-24,501,New York,430,14
2026-05-24,803,Los Angeles,681,7
2026-05-24,602,Chicago,539,14
2026-05-24,623,Dallas-Ft. Worth,487,7
2026-05-24,807,San Francisco-Oakland-San Jose,626,14
2026-05-24,511,Washington DC,716,14
2026-05-24,618,Houston,580,14
2026-05-24,524,Atlanta,409,14
2026-05-24,753,Phoenix,496,28
2026-05-24,819,Seattle-Tacoma,129,7
2026-05-24,505,Detroit,65,14
2026-05-24,528,Miami-Ft. Lauderdale,346,28
2026-05-24,506,Boston,512,7
2026-05-24,539,Tampa-St. Petersburg,773,14
2026-05-25,501,New York,628,14
2026-05-25,803,Los Angeles,91,14
2026-05-25,602,Chicago,158,28
2026-05-25,504,Philadelphia,561,14
2026-05-25,807,San Francisco-Oakland-San Jose,414,28
2026-05-25,511,Washington DC,96,7
2026-05-25,524,Atlanta,545,7
2026-05-25,753,Phoenix,195,7
2026-05-25,819,Seattle-Tacoma,428,28
2026-05-25,505,Detroit,291,28
2026-05-25,528,Miami-Ft. Lauderdale,191,7
2026-05-25,506,Boston,137,14
2026-05-25,539,Tampa-St. Petersburg,164,14
2026-05-26,501,New York,126,14
2026-05-26,803,Los Angeles,686,28
2026-05-26,602,Chicago,744,14
2026-05-26,504,Philadelphia,473,28
2026-05-26,623,Dallas-Ft. Worth,549,7
2026-05-26,807,San Francisco-Oakland-San Jose,589,28
2026-05-26,511,Washington DC,119,7
2026-05-26,618,Houston,555,28
2026-05-26,524,Atlanta,181,7
2026-05-26,753,Phoenix,251,14
2026-05-26,819,Seattle-Tacoma,712,14
2026-05-26,505,Detroit,578,14
2026-05-26,506,Boston,183,7
2026-05-26,539,Tampa-St. Petersburg,232,28
2026-05-27,501,New York,397,28
2026-05-27,803,Los Angeles,342,28
2026-05-27,602,Chicago,644,7
2026-05-27,504,Philadelphia,337,14
2026-05-27,623,Dallas-Ft. Worth,558,14
2026-05-27,807,San Francisco-Oakland-San Jose,581,28
2026-05-27,618,Houston,520,28
2026-05-27,753,Phoenix,559,28
2026-05-27,819,Seattle-Tacoma,364,14
2026-05-27,528,Miami-Ft. Lauderdale,549,14
2026-05-27,506,Boston,666,14
2026-05-27,539,Tampa-St. Petersburg,364,7
2026-05-28,501,New York,259,14
2026-05-28,803,Los Angeles,103,14
2026-05-28,602,Chicago,456,28
2026-05-28,504,Philadelphia,172,28
2026-05-28,623,Dallas-Ft. Worth,466,7
2026-05-28,807,San Francisco-Oakland-San Jose,551,28
2026-05-28,511,Washington DC,275,14
2026-05-28,618,Houston,524,14
2026-05-28,524,Atlanta,498,28
2026-05-28,753,Phoenix,433,28
2026-05-28,819,Seattle-Tacoma,290,28
2026-05-28,505,Detroit,707,28
2026-05-28,528,Miami-Ft. Lauderdale,705,28
2026-05-28,506,Boston,582,7
2026-05-28,539,Tampa-St. Petersburg,557,14
2026-05-30,501,New York,173,7
2026-05-30,803,Los Angeles,333,28
2026-05-30,602,Chicago,698,14
2026-05-30,504,Philadelphia,498,28
2026-05-30,623,Dallas-Ft. Worth,80,28
2026-05-30,807,San Francisco-Oakland-San Jose,786,7
2026-05-30,511,Washington DC,502,28
2026-05-30,524,Atlanta,705,14
2026-05-30,753,Phoenix,265,7
2026-05-30,819,Seattle-Tacoma,122,14
2026-05-30,505,Detroit,318,7
2026-05-30,528,Miami-Ft. Lauderdale,226,14
2026-05-30,506,Boston,161,28
2026-05-30,539,Tampa-St. Petersburg,691,28
2026-05-31,501,New York,508,28
2026-05-31,803,Los Angeles,103,14
2026-05-31,602,Chicago,711,28
2026-05-31,504,Philadelphia,157,14
2026-05-31,623,Dallas-Ft. Worth,699,28
2026-05-31,807,San Francisco-Oakland-San Jose,378,7
2026-05-31,511,Washington DC,463,14
2026-05-31,618,Houston,326,7
2026-05-31,524,Atlanta,208,28
2026-05-31,753,Phoenix,207,7
2026-05-31,819,Seattle-Tacoma,102,14
2026-05-31,528,Miami-Ft. Lauderdale,634,14
2026-05-31,539,Tampa-St. Petersburg,398,7
2026-06-01,501,New York,753,7
2026-06-01,803,Los Angeles,575,14
2026-06-01,602,Chicago,687,14
2026-06-01,504,Philadelphia,287,14
2026-06-01,623,Dallas-Ft. Worth,84,7
2026-06-01,807,San Francisco-Oakland-San Jose,214,7
2026-06-01,511,Washington DC,400,14
2026-06-01,618,Houston,687,7
2026-06-01,524,Atlanta,110,14
2026-06-01,753,Phoenix,482,28
2026-06-01,819,Seattle-Tacoma,456,28
2026-06-01,505,Detroit,693,7
2026-06-01,528,Miami-Ft. Lauderdale,393,28
2026-06-01,506,Boston,329,28
2026-06-01,539,Tampa-St. Petersburg,272,14
2026-06-03,501,New York,320,7
2026-06-03,803,Los Angeles,77,7
2026-06-03,602,Chicago,743,7
2026-06-03,623,Dallas-Ft. Worth,553,14
2026-06-03,807,San Francisco-Oakland-San Jose,354,7
2026-06-03,511,Washington DC,471,7
2026-06-03,618,Houston,240,7
2026-06-03,524,Atlanta,172,28
2026-06-03,753,Phoenix,527,14
2026-06-03,819,Seattle-Tacoma,435,14
2026-06-03,505,Detroit,233,28
2026-06-03,528,Miami-Ft. Lauderdale,395,28
2026-06-03,506,Boston,289,7
2026-06-03,539,Tampa-St. Petersburg,745,7
2026-06-04,501,New York,232,7
2026-06-04,602,Chicago,343,7
2026-06-04,623,Dallas-Ft. Worth,516,14
2026-06-04,807,San Francisco-Oakland-San Jose,196,28
2026-06-04,511,Washington DC,682,28
2026-06-04,618,Houston,568,28
2026-06-04,524,Atlanta,459,14
2026-06-04,753,Phoenix,218,28
2026-06-04,819,Seattle-Tacoma,83,7
2026-06-04,505,Detroit,451,28
2026-06-04,528,Miami-Ft. Lauderdale,733,28
2026-06-04,506,Boston,268,28
2026-06-04,539,Tampa-St. Petersburg,578,7
2026-06-05,501,New York,115,7
2026-06-05,602,Chicago,753,28
2026-06-05,504,Philadelphia,262,28
2026-06-05,623,Dallas-Ft. Worth,218,7
2026-06-05,807,San Francisco-Oakland-San Jose,555,14
2026-06-05,618,Houston,586,7
2026-06-05,524,Atlanta,297,28
2026-06-05,753,Phoenix,335,28
2026-06-05,819,Seattle-Tacoma,458,28
2026-06-05,505,Detroit,85,14
2026-06-05,528,Miami-Ft. Lauderdale,780,7
2026-06-05,506,Boston,455,28
2026-06-05,539,Tampa-St. Petersburg,382,28
2026-06-06,501,New York,528,28
2026-06-06,803,Los Angeles,724,28
2026-06-06,602,Chicago,107,7
2026-06-06,504,Philadelphia,354,28
2026-06-06,623,Dallas-Ft. Worth,444,28
2026-06-06,807,San Francisco-Oakland-San Jose,85,14
2026-06-06,511,Washington DC,439,7
2026-06-06,524,Atlanta,487,28
2026-06-06,753,Phoenix,714,14
2026-06-06,819,Seattle-Tacoma,134,28
2026-06-06,505,Detroit,321,7
2026-06-06,528,Miami-Ft. Lauderdale,83,7
2026-06-06,506,Boston,474,14
2026-06-06,539,Tampa-St. Petersburg,83,14
2026-06-07,803,Los Angeles,222,7
2026-06-07,602,Chicago,241,14
2026-06-07,504,Philadelphia,324,14
2026-06-07,623,Dallas-Ft. Worth,456,7
2026-06-07,807,San Francisco-Oakland-San Jose,415,7
2026-06-07,618,Houston,464,14
2026-06-07,524,Atlanta,799,7
2026-06-07,753,Phoenix,240,28
2026-06-07,819,Seattle-Tacoma,669,7
2026-06-07,505,Detroit,128,14
2026-06-07,528,Miami-Ft. Lauderdale,166,7
2026-06-07,506,Boston,778,7
2026-06-07,539,Tampa-St. Petersburg,232,28
2026-06-08,803,Los Angeles,192,7
2026-06-08,602,Chicago,671,7
2026-06-08,504,Philadelphia,302,28
2026-06-08,623,Dallas-Ft. Worth,615,14
2026-06-08,807,San Francisco-Oakland-San Jose,539,14
2026-06-08,618,Houston,745,14
2026-06-08,524,Atlanta,735,14
2026-06-08,753,Phoenix,422,28
2026-06-08,819,Seattle-Tacoma,582,7
2026-06-08,505,Detroit,64,14
2026-06-08,528,Miami-Ft. Lauderdale,271,7
2026-06-08,506,Boston,339,7
2026-06-08,539,Tampa-St. Petersburg,800,7
2026-06-09,501,New York,273,14
2026-06-09,803,Los Angeles,165,14
2026-06-09,602,Chicago,640,7
2026-06-09,504,Philadelphia,474,28
2026-06-09,623,Dallas-Ft. Worth,709,28
2026-06-09,511,Washington DC,542,28
2026-06-09,618,Houston,393,7
2026-06-09,819,Seattle-Tacoma,546,14
2026-06-09,528,Miami-Ft. Lauderdale,468,28
2026-06-09,506,Boston,337,14
2026-06-09,539,Tampa-St. Petersburg,683,7
2026-06-10,501,New York,290,7
2026-06-10,803,Los Angeles,139,14
2026-06-10,602,Chicago,164,7
2026-06-10,504,Philadelphia,345,14
2026-06-10,623,Dallas-Ft. Worth,560,28
2026-06-10,807,San Francisco-Oakland-San Jose,229,28
2026-06-10,511,Washington DC,467,28
2026-06-10,618,Houston,687,14
2026-06-10,524,Atlanta,385,14
2026-06-10,753,Phoenix,476,28
2026-06-10,819,Seattle-Tacoma,675,7
2026-06-10,505,Detroit,302,14
2026-06-10,528,Miami-Ft. Lauderdale,573,7
2026-06-10,506,Boston,366,7
2026-06-10,539,Tampa-St. Petersburg,228,28
2026-06-11,803,Los Angeles,403,28
2026-06-11,602,Chicago,695,28
2026-06-11,504,Philadelphia,127,28
2026-06-11,623,Dallas-Ft. Worth,653,28
2026-06-11,807,San Francisco-Oakland-San Jose,81,28
2026-06-11,511,Washington DC,791,7
2026-06-11,618,Houston,689,7
2026-06-11,524,Atlanta,790,7
2026-06-11,753,Phoenix,325,14
2026-06-11,819,Seattle-Tacoma,180,7
2026-06-11,505,Detroit,666,14
2026-06-11,528,Miami-Ft. Lauderdale,550,7
2026-06-11,506,Boston,756,28
2026-06-11,539,Tampa-St. Petersburg,545,7
2026-06-12,501,New York,201,7
2026-06-12,803,Los Angeles,406,7
2026-06-12,602,Chicago,101,7
2026-06-12,504,Philadelphia,642,7
2026-06-12,623,Dallas-Ft. Worth,240,28
2026-06-12,807,San Francisco-Oakland-San Jose,503,14
2026-06-12,511,Washington DC,137,28
2026-06-12,618,Houston,396,28
2026-06-12,524,Atlanta,120,14
2026-06-12,819,Seattle-Tacoma,353,28
2026-06-12,505,Detroit,158,7
2026-06-12,528,Miami-Ft. Lauderdale,485,14
2026-06-12,506,Boston,54,28
2026-06-12,539,Tampa-St. Petersburg,525,14
2026-06-13,501,New York,706,28
2026-06-13,803,Los Angeles,362,14
2026-06-13,504,Philadelphia,574,7
2026-06-13,623,Dallas-Ft. Worth,187,28
2026-06-13,511,Washington DC,637,7
2026-06-13,618,Houston,139,28
2026-06-13,524,Atlanta,459,14
2026-06-13,753,Phoenix,105,14
2026-06-13,819,Seattle-Tacoma,493,28
2026-06-13,505,Detroit,570,14
2026-06-13,528,Miami-Ft. Lauderdale,114,14
2026-06-13,506,Boston,480,28
2026-06-13,539,Tampa-St. Petersburg,413,28
2026-06-14,501,New York,644,7
2026-06-14,803,Los Angeles,661,14
2026-06-14,602,Chicago,472,28
2026-06-14,504,Philadelphia,112,28
2026-06-14,623,Dallas-Ft. Worth,252,14
2026-06-14,807,San Francisco-Oakland-San Jose,363,28
2026-06-14,511,Washington DC,405,28
2026-06-14,618,Houston,346,7
2026-06-14,524,Atlanta,54,28
2026-06-14,753,Phoenix,746,14
2026-06-14,819,Seattle-Tacoma,353,28
2026-06-14,505,Detroit,478,7
2026-06-14,528,Miami-Ft. Lauderdale,172,14
2026-06-14,506,Boston,328,28
2026-06-14,539,Tampa-St. Petersburg,201,7
2026-06-15,501,New York,240,28
2026-06-15,803,Los Angeles,711,7
2026-06-15,602,Chicago,654,14
2026-06-15,504,Philadelphia,575,7
2026-06-15,623,Dallas-Ft. Worth,748,28
2026-06-15,511,Washington DC,504,7
2026-06-15,618,Houston,384,7
2026-06-15,753,Phoenix,424,28
2026-06-15,819,Seattle-Tacoma,622,14
2026-06-15,528,Miami-Ft. Lauderdale,290,7
2026-06-15,506,Boston,74,14
2026-06-15,539,Tampa-St. Petersburg,380,7
2026-06-16,501,New York,375,28
2026-06-16,803,Los Angeles,256,28
2026-06-16,602,Chicago,280,7
2026-06-16,504,Philadelphia,129,28
2026-06-16,623,Dallas-Ft. Worth,697,7
2026-06-16,807,San Francisco-Oakland-San Jose,439,7
2026-06-16,511,Washington DC,250,14
2026-06-16,618,Houston,693,7
2026-06-16,524,Atlanta,316,7
2026-06-16,753,Phoenix,704,28
2026-06-16,819,Seattle-Tacoma,220,14
2026-06-16,505,Detroit,546,14
2026-06-16,528,Miami-Ft. Lauderdale,194,28
2026-06-16,506,Boston,83,14
2026-06-16,539,Tampa-St. Petersburg,186,28
2026-06-17,501,New York,656,28
2026-06-17,803,Los Angeles,614,28
2026-06-17,504,Philadelphia,360,14
2026-06-17,623,Dallas-Ft. Worth,740,28
2026-06-17,807,San Francisco-Oakland-San Jose,753,7
2026-06-17,511,Washington DC,729,28
2026-06-17,618,Houston,137,14
2026-06-17,524,Atlanta,428,14
2026-06-17,753,Phoenix,250,7
2026-06-17,819,Seattle-Tacoma,379,7
2026-06-17,505,Detroit,396,7
2026-06-17,528,Miami-Ft. Lauderdale,579,14
2026-06-17,506,Boston,278,14
2026-06-17,539,Tampa-St. Petersburg,347,14
2026-06-18,803,Los Angeles,61,14
2026-06-18,602,Chicago,281,14
2026-06-18,504,Philadelphia,545,28
2026-06-18,623,Dallas-Ft. Worth,292,14
2026-06-18,807,San Francisco-Oakland-San Jose,180,14
2026-06-18,511,Washington DC,545,7
2026-06-18,618,Houston,433,7
2026-06-18,524,Atlanta,228,7
2026-06-18,753,Phoenix,591,28
2026-06-18,819,Seattle-Tacoma,50,28
2026-06-18,505,Detroit,686,14
2026-06-18,528,Miami-Ft. Lauderdale,658,14
2026-06-18,506,Boston,194,7
2026-06-18,539,Tampa-St. Petersburg,617,14
2026-06-19,501,New York,250,7
2026-06-19,803,Los Angeles,158,28
2026-06-19,602,Chicago,504,28
2026-06-19,504,Philadelphia,697,14
2026-06-19,623,Dallas-Ft. Worth,756,28
2026-06-19,807,San Francisco-Oakland-San Jose,314,14
2026-06-19,511,Washington DC,64,7
2026-06-19,618,Houston,197,28
2026-06-19,524,Atlanta,302,7
2026-06-19,753,Phoenix,392,14
2026-06-19,819,Seattle-Tacoma,316,14
2026-06-19,505,Detroit,494,7
2026-06-19,528,Miami-Ft. Lauderdale,289,28
2026-06-19,506,Boston,328,7
2026-06-19,539,Tampa-St. Petersburg,527,7
2026-06-20,501,New York,538,14
2026-06-20,803,Los Angeles,500,14
2026-06-20,602,Chicago,697,7
2026-06-20,504,Philadelphia,141,14
2026-06-20,623,Dallas-Ft. Worth,725,7
2026-06-20,807,San Francisco-Oakland-San Jose,451,7
2026-06-20,511,Washington DC,798,7
2026-06-20,618,Houston,388,28
2026-06-20,524,Atlanta,569,28
2026-06-20,753,Phoenix,168,7
2026-06-20,819,Seattle-Tacoma,684,14
2026-06-20,505,Detroit,271,14
2026-06-20,528,Miami-Ft. Lauderdale,417,28
2026-06-20,506,Boston,737,14
2026-06-20,539,Tampa-St. Petersburg,160,28
2026-06-21,501,New York,527,14
2026-06-21,803,Los Angeles,420,28
2026-06-21,602,Chicago,770,28
2026-06-21,504,Philadelphia,195,14
2026-06-21,623,Dallas-Ft. Worth,764,14
2026-06-21,807,San Francisco-Oakland-San Jose,758,14
2026-06-21,511,Washington DC,464,7
2026-06-21,618,Houston,149,7
2026-06-21,524,Atlanta,168,14
2026-06-21,753,Phoenix,267,28
2026-06-21,819,Seattle-Tacoma,390,14
2026-06-21,505,Detroit,670,14
2026-06-21,528,Miami-Ft. Lauderdale,98,14
2026-06-21,506,Boston,583,28
2026-06-21,539,Tampa-St. Petersburg,723,7
2026-06-22,501,New York,601,14
2026-06-22,803,Los Angeles,112,28
2026-06-22,602,Chicago,522,28
2026-06-22,504,Philadelphia,391,14
2026-06-22,623,Dallas-Ft. Worth,333,7
2026-06-22,807,San Francisco-Oakland-San Jose,259,28
2026-06-22,511,Washington DC,681,14
2026-06-22,618,Houston,137,14
2026-06-22,524,Atlanta,771,7
2026-06-22,753,Phoenix,122,14
2026-06-22,819,Seattle-Tacoma,789,7
2026-06-22,505,Detroit,523,14
2026-06-22,528,Miami-Ft. Lauderdale,196,28
2026-06-22,506,Boston,419,14
2026-06-22,539,Tampa-St. Petersburg,366,7
2026-06-23,501,New York,428,7
2026-06-23,803,Los Angeles,758,14
2026-06-23,602,Chicago,526,7
2026-06-23,504,Philadelphia,307,14
2026-06-23,623,Dallas-Ft. Worth,287,7
2026-06-23,807,San Francisco-Oakland-San Jose,724,14
2026-06-23,511,Washington DC,672,14
2026-06-23,618,Houston,733,28
2026-06-23,819,Seattle-Tacoma,412,7
2026-06-23,505,Detroit,339,7
2026-06-23,528,Miami-Ft. Lauderdale,283,14
2026-06-23,506,Boston,467,7
2026-06-23,539,Tampa-St. Petersburg,92,14
2026-06-24,501,New York,114,14
2026-06-24,602,Chicago,205,7
2026-06-24,623,Dallas-Ft. Worth,375,7
2026-06-24,807,San Francisco-Oakland-San Jose,265,28
2026-06-24,618,Houston,754,14
2026-06-24,753,Phoenix,145,14
2026-06-24,819,Seattle-Tacoma,740,14
2026-06-24,505,Detroit,635,7
2026-06-24,528,Miami-Ft. Lauderdale,429,14
2026-06-24,506,Boston,543,28
2026-06-24,539,Tampa-St. Petersburg,682,7
2026-06-25,501,New York,556,14
2026-06-25,803,Los Angeles,349,14
2026-06-25,602,Chicago,607,14
2026-06-25,504,Philadelphia,441,7
2026-06-25,623,Dallas-Ft. Worth,301,28
2026-06-25,807,San Francisco-Oakland-San Jose,364,28
2026-06-25,511,Washington DC,400,7
2026-06-25,618,Houston,93,7
2026-06-25,524,Atlanta,624,7
2026-06-25,753,Phoenix,622,7
2026-06-25,819,Seattle-Tacoma,263,7
2026-06-25,505,Detroit,100,14
2026-06-25,528,Miami-Ft. Lauderdale,310,28
2026-06-25,506,Boston,319,28
2026-06-26,501,New York,629,7
2026-06-26,803,Los Angeles,347,7
2026-06-26,602,Chicago,749,14
2026-06-26,504,Philadelphia,690,7
2026-06-26,623,Dallas-Ft. Worth,785,28
2026-06-26,807,San Francisco-Oakland-San Jose,775,28
2026-06-26,618,Houston,514,7
2026-06-26,524,Atlanta,205,7
2026-06-26,753,Phoenix,594,7
2026-06-26,505,Detroit,67,14
2026-06-26,528,Miami-Ft. Lauderdale,632,7
2026-06-26,506,Boston,118,28
2026-06-26,539,Tampa-St. Petersburg,522,28
2026-06-27,501,New York,166,28
2026-06-27,602,Chicago,77,28
2026-06-27,504,Philadelphia,112,7
2026-06-27,623,Dallas-Ft. Worth,291,28
2026-06-27,807,San Francisco-Oakland-San Jose,458,28
2026-06-27,511,Washington DC,56,28
2026-06-27,618,Houston,736,14
2026-06-27,524,Atlanta,374,7
2026-06-27,753,Phoenix,483,14
2026-06-27,819,Seattle-Tacoma,115,7
2026-06-27,505,Detroit,747,7
2026-06-27,528,Miami-Ft. Lauderdale,512,28
2026-06-27,506,Boston,450,7
2026-06-27,539,Tampa-St. Petersburg,629,28
2026-06-28,501,New York,363,7
2026-06-28,803,Los Angeles,287,28
2026-06-28,602,Chicago,687,7
2026-06-28,807,San Francisco-Oakland-San Jose,687,7
2026-06-28,511,Washington DC,60,28
2026-06-28,524,Atlanta,720,7
2026-06-28,753,Phoenix,423,14
2026-06-28,819,Seattle-Tacoma,435,28
2026-06-28,505,Detroit,398,7
2026-06-28,528,Miami-Ft. Lauderdale,704,7
2026-06-28,539,Tampa-St. Petersburg,542,7
2026-06-29,501,New York,582,7
2026-06-29,803,Los Angeles,377,7
2026-06-29,602,Chicago,352,28
2026-06-29,504,Philadelphia,232,28
2026-06-29,623,Dallas-Ft. Worth,448,14
2026-06-29,807,San Francisco-Oakland-San Jose,638,28
2026-06-29,511,Washington DC,620,14
2026-06-29,618,Houston,791,14
2026-06-29,524,Atlanta,77,7
2026-06-29,819,Seattle-Tacoma,699,28
2026-06-29,505,Detroit,759,28
2026-06-29,528,Miami-Ft. Lauderdale,367,14
2026-06-29,506,Boston,613,14
2026-06-29,539,Tampa-St. Petersburg,194,7
